manufacturer,productName,releaseYear,memSize,memBusWidth,gpuClock,memClock,bus,memType,G3Dmark
NVIDIA,GeForce MX550,2022,2.0,64,1065,1500,PCIe 4.0 x8,GDDR6,5090
NVIDIA,GeForce RTX 3090 Ti,2022,24.0,384,1560,1313,PCIe 4.0 x16,GDDR6X,29094
AMD,Radeon RX 6400,2022,4.0,64,1923,2000,PCIe 4.0 x4,GDDR6,6958
AMD,Radeon RX 6500 XT,2022,4.0,64,2310,2248,PCIe 4.0 x4,GDDR6,9445
AMD,Radeon RX 6700S,2022,8.0,128,1700,1750,PCIe 4.0 x8,GDDR6,11989
NVIDIA,GeForce RTX 3060,2021,12.0,192,1320,1875,PCIe 4.0 x16,GDDR6,16958
NVIDIA,GeForce RTX 3070 Ti,2021,8.0,256,1575,1188,PCIe 4.0 x16,GDDR6X,23367
NVIDIA,GeForce RTX 3080 Ti,2021,12.0,384,1365,1188,PCIe 4.0 x16,GDDR6X,26887
AMD,Radeon RX 6600,2021,8.0,128,1626,1750,PCIe 4.0 x8,GDDR6,13881
AMD,Radeon RX 6600 XT,2021,8.0,128,1968,2000,PCIe 4.0 x8,GDDR6,15853
AMD,Radeon RX 6600M,2021,8.0,128,2068,1750,PCIe 4.0 x8,GDDR6,9094
AMD,Radeon RX 6700 XT,2021,12.0,192,2321,2000,PCIe 4.0 x16,GDDR6,18993
AMD,Radeon RX 6700M,2021,10.0,160,1489,2000,PCIe 4.0 x16,GDDR6,11499
AMD,Radeon RX 6800M,2021,12.0,192,2116,2000,PCIe 4.0 x16,GDDR6,9012
NVIDIA,RTX A2000,2021,6.0,192,562,1500,PCIe 4.0 x16,GDDR6,13128
NVIDIA,RTX A4000,2021,16.0,256,735,1750,PCIe 4.0 x16,GDDR6,18988
NVIDIA,RTX A4500,2021,20.0,320,1050,2000,PCIe 4.0 x16,GDDR6,21546
NVIDIA,RTX A5000,2021,24.0,384,1170,2000,PCIe 4.0 x16,GDDR6,22867
NVIDIA,T1000,2021,4.0,128,1065,1250,PCIe 3.0 x16,GDDR6,7829
NVIDIA,T400,2021,2.0,64,420,1250,PCIe 3.0 x16,GDDR6,3627
NVIDIA,T600,2021,4.0,128,735,1250,PCIe 3.0 x16,GDDR6,6509
NVIDIA,GeForce MX330,2020,2.0,64,1531,1752,PCIe 3.0 x4,GDDR5,2547
NVIDIA,GeForce MX350,2020,2.0,64,1354,1752,PCIe 3.0 x4,GDDR5,2855
NVIDIA,GeForce MX350,2020,2.0,64,747,1752,PCIe 3.0 x4,GDDR5,2855
NVIDIA,GeForce RTX 3060 Ti,2020,8.0,256,1410,1750,PCIe 4.0 x16,GDDR6,20206
NVIDIA,GeForce RTX 3070,2020,8.0,256,1500,1750,PCIe 4.0 x16,GDDR6,22093
NVIDIA,GeForce RTX 3080,2020,10.0,320,1440,1188,PCIe 4.0 x16,GDDR6X,24853
NVIDIA,GeForce RTX 3090,2020,24.0,384,1395,1219,PCIe 4.0 x16,GDDR6X,26395
AMD,Radeon Pro 5300,2020,4.0,128,1000,1750,PCIe 4.0 x8,GDDR6,7522
AMD,Radeon Pro 5500 XT,2020,8.0,128,1187,1750,PCIe 4.0 x8,GDDR6,8298
AMD,Radeon Pro 5600M,2020,8.0,2048,1000,770,PCIe 4.0 x16,HBM2,10200
AMD,Radeon Pro 5700,2020,8.0,256,1243,1500,PCIe 4.0 x16,GDDR6,11844
AMD,Radeon Pro 5700 XT,2020,16.0,256,1243,1500,PCIe 4.0 x16,GDDR6,12537
AMD,Radeon Pro VII,2020,16.0,4096,1400,1000,PCIe 4.0 x16,HBM2,16853
AMD,Radeon Pro W5500,2020,8.0,128,1744,1750,PCIe 4.0 x8,GDDR6,9269
AMD,Radeon Pro W5500M,2020,4.0,128,1000,1750,PCIe 4.0 x8,GDDR6,2010
AMD,Radeon RX 5300,2020,3.0,96,1327,1750,PCIe 4.0 x8,GDDR6,7611
AMD,Radeon RX 5600 XT,2020,6.0,192,1130,1500,PCIe 4.0 x16,GDDR6,13836
AMD,Radeon RX 5600M,2020,6.0,192,1035,1500,PCIe 4.0 x16,GDDR6,7157
AMD,Radeon RX 6800,2020,16.0,256,1700,2000,PCIe 4.0 x16,GDDR6,20667
AMD,Radeon RX 6800 XT,2020,16.0,256,1825,2000,PCIe 4.0 x16,GDDR6,23364
AMD,Radeon RX 6900 XT,2020,16.0,256,1825,2000,PCIe 4.0 x16,GDDR6,25458
NVIDIA,RTX A6000,2020,48.0,384,1410,2000,PCIe 4.0 x16,GDDR6,22122
NVIDIA,GeForce GTX 1650,2019,4.0,128,1485,2001,PCIe 3.0 x16,GDDR5,7807
NVIDIA,GeForce GTX 1650 SUPER,2019,4.0,128,1530,1500,PCIe 3.0 x16,GDDR6,10032
NVIDIA,GeForce GTX 1660,2019,6.0,192,1530,2001,PCIe 3.0 x16,GDDR5,11695
NVIDIA,GeForce GTX 1660 SUPER,2019,6.0,192,1530,1750,PCIe 3.0 x16,GDDR6,12732
NVIDIA,GeForce GTX 1660 Ti,2019,6.0,192,1500,1500,PCIe 3.0 x16,GDDR6,11794
NVIDIA,GeForce MX230,2019,2.0,64,1519,1502,PCIe 3.0 x4,GDDR5,1884
NVIDIA,GeForce MX250,2019,2.0,64,1519,1502,PCIe 3.0 x4,GDDR5,2515
NVIDIA,GeForce MX250,2019,2.0,64,937,1502,PCIe 3.0 x4,GDDR5,2515
NVIDIA,GeForce RTX 2060,2019,6.0,192,1365,1750,PCIe 3.0 x16,GDDR6,13953
NVIDIA,GeForce RTX 2060 SUPER,2019,8.0,256,1470,1750,PCIe 3.0 x16,GDDR6,16514
NVIDIA,GeForce RTX 2070 SUPER,2019,8.0,256,1605,1750,PCIe 3.0 x16,GDDR6,18168
NVIDIA,GeForce RTX 2080 SUPER,2019,8.0,256,1650,1937,PCIe 3.0 x16,GDDR6,19519
NVIDIA,Quadro P2200,2019,5.0,160,1000,1251,PCIe 3.0 x16,GDDR5X,9486
AMD,Radeon 550X,2019,2.0,128,1082,1750,PCIe 3.0 x8,GDDR5,1430
AMD,Radeon Pro 5300M,2019,4.0,128,1000,1500,PCIe 4.0 x8,GDDR6,5840
AMD,Radeon Pro 5500M,2019,8.0,128,1000,1500,PCIe 4.0 x8,GDDR6,6763
AMD,Radeon Pro 580X,2019,8.0,256,1100,1710,PCIe 3.0 x16,GDDR5,7540
AMD,Radeon Pro Vega 48,2019,8.0,2048,1200,786,PCIe 3.0 x16,HBM2,11504
AMD,Radeon Pro Vega 64X,2019,16.0,2048,1250,1000,PCIe 3.0 x16,HBM2,14630
AMD,Radeon Pro Vega II,2019,32.0,4096,1574,806,PCIe 3.0 x16,HBM2,14738
AMD,Radeon Pro W5700,2019,8.0,256,1400,1750,PCIe 4.0 x16,GDDR6,15085
AMD,Radeon Pro WX 3200,2019,4.0,128,1295,1500,PCIe 3.0 x8,GDDR5,2456
AMD,Radeon RX 5300M,2019,3.0,96,1000,1750,PCIe 4.0 x8,GDDR6,3562
AMD,Radeon RX 5500 XT,2019,4.0,128,1607,1750,PCIe 4.0 x8,GDDR6,9188
AMD,Radeon RX 5500M,2019,4.0,128,1375,1750,PCIe 4.0 x8,GDDR6,4010
AMD,Radeon RX 5700,2019,8.0,256,1465,1750,PCIe 4.0 x16,GDDR6,14729
AMD,Radeon RX 5700 XT,2019,8.0,256,1605,1750,PCIe 4.0 x16,GDDR6,16892
AMD,Radeon RX 5700 XT 50th Anniversary,2019,8.0,256,1680,1750,PCIe 4.0 x16,GDDR6,16650
AMD,Radeon VII,2019,16.0,4096,1400,1000,PCIe 3.0 x16,HBM2,16767
NVIDIA,GeForce RTX 2070,2018,8.0,256,1410,1750,PCIe 3.0 x16,GDDR6,16079
NVIDIA,GeForce RTX 2080,2018,8.0,256,1515,1750,PCIe 3.0 x16,GDDR6,18732
NVIDIA,GeForce RTX 2080 Ti,2018,11.0,352,1350,1750,PCIe 3.0 x16,GDDR6,21796
NVIDIA,Quadro GV100,2018,32.0,4096,1132,848,PCIe 3.0 x16,HBM2,17675
NVIDIA,Quadro P620,2018,2.0,128,1266,1252,PCIe 3.0 x16,GDDR5,3640
NVIDIA,Quadro RTX 4000,2018,8.0,256,1005,1625,PCIe 3.0 x16,GDDR6,15515
NVIDIA,Quadro RTX 5000,2018,16.0,256,1620,1750,PCIe 3.0 x16,GDDR6,16260
NVIDIA,Quadro RTX 6000,2018,24.0,384,1440,1750,PCIe 3.0 x16,GDDR6,19692
NVIDIA,Quadro RTX 8000,2018,48.0,384,1395,1750,PCIe 3.0 x16,GDDR6,19126
AMD,Radeon Pro 560X,2018,4.0,128,1004,1470,PCIe 3.0 x8,GDDR5,3678
AMD,Radeon Pro Vega 16,2018,4.0,1024,815,1200,PCIe 3.0 x16,HBM2,4683
AMD,Radeon Pro Vega 20,2018,4.0,1024,815,740,PCIe 3.0 x16,HBM2,5117
AMD,Radeon Pro WX 8200,2018,8.0,2048,1200,1000,PCIe 3.0 x16,HBM2,14110
AMD,Radeon Pro WX Vega M GL,2018,4.0,1024,931,700,IGP,HBM2,6049
AMD,Radeon RX 550X,2018,4.0,128,1100,1500,PCIe 3.0 x8,GDDR5,2370
AMD,Radeon RX 560X,2018,4.0,128,1175,1750,PCIe 3.0 x8,GDDR5,3181
AMD,Radeon RX 570X,2018,8.0,256,1168,1750,PCIe 3.0 x16,GDDR5,1923
AMD,Radeon RX 580 2048SP,2018,4.0,256,1168,1750,PCIe 3.0 x16,GDDR5,7768
AMD,Radeon RX 580X,2018,8.0,256,1257,2000,PCIe 3.0 x16,GDDR5,7798
AMD,Radeon RX 590,2018,8.0,256,1469,2000,PCIe 3.0 x16,GDDR5,9665
AMD,Radeon RX Vega M GH,2018,4.0,1024,1063,800,IGP,HBM2,6734
AMD,Radeon RX Vega M GL,2018,4.0,1024,931,700,IGP,HBM2,3315
NVIDIA,Tesla T4,2018,16.0,256,585,1250,PCIe 3.0 x16,GDDR6,11113
NVIDIA,TITAN RTX,2018,24.0,384,1350,1750,PCIe 3.0 x16,GDDR6,20169
NVIDIA,TITAN V CEO Edition,2018,32.0,4096,1200,848,PCIe 3.0 x16,HBM2,16988
NVIDIA,GeForce GT 1030,2017,2.0,64,1228,1502,PCIe 3.0 x4,GDDR5,2545
NVIDIA,GeForce GTX 1070 Ti,2017,8.0,256,1607,2002,PCIe 3.0 x16,GDDR5,14500
NVIDIA,GeForce GTX 1080 Ti,2017,11.0,352,1481,1376,PCIe 3.0 x16,GDDR5X,18284
NVIDIA,GeForce MX110,2017,2.0,64,978,1253,PCIe 3.0 x4,GDDR5,1469
NVIDIA,GeForce MX130,2017,2.0,64,1109,1253,PCIe 3.0 x4,GDDR5,1895
NVIDIA,GeForce MX150,2017,2.0,64,1469,1502,PCIe 3.0 x4,GDDR5,2310
NVIDIA,GeForce MX150,2017,2.0,64,937,1253,PCIe 3.0 x4,GDDR5,2310
NVIDIA,P104-100,2017,4.0,256,1607,1251,PCIe 3.0 x16,GDDR5X,4450
NVIDIA,P106-090,2017,3.0,192,1354,2002,PCIe 3.0 x16,GDDR5,2402
NVIDIA,P106-100,2017,6.0,192,1506,2002,PCIe 3.0 x16,GDDR5,5967
NVIDIA,Quadro P1000,2017,4.0,128,1266,1253,PCIe 3.0 x16,GDDR5,4466
NVIDIA,Quadro P1000,2017,4.0,128,1354,1502,PCIe 3.0 x16,GDDR5,4466
NVIDIA,Quadro P2000,2017,5.0,160,1076,1752,PCIe 3.0 x16,GDDR5,7096
NVIDIA,Quadro P400,2017,2.0,64,1228,1002,PCIe 3.0 x16,GDDR5,1614
NVIDIA,Quadro P4000,2017,8.0,256,1202,1901,PCIe 3.0 x16,GDDR5,11422
NVIDIA,Quadro P600,2017,2.0,128,1329,1002,PCIe 3.0 x16,GDDR5,3324
AMD,Radeon 550,2017,2.0,64,1100,1750,PCIe 3.0 x8,GDDR5,1959
AMD,Radeon Pro 555,2017,2.0,128,850,1275,PCIe 3.0 x8,GDDR5,3141
AMD,Radeon Pro 560,2017,4.0,128,907,1270,PCIe 3.0 x8,GDDR5,3475
AMD,Radeon Pro 570,2017,4.0,256,1000,1695,PCIe 3.0 x16,GDDR5,6337
AMD,Radeon Pro 580,2017,8.0,256,1100,1695,PCIe 3.0 x16,GDDR5,7753
AMD,Radeon Pro SSG,2017,16.0,2048,1440,945,PCIe 3.0 x16,HBM2,10498
AMD,Radeon Pro Vega 56,2017,8.0,2048,1138,786,PCIe 3.0 x16,HBM2,12386
AMD,Radeon Pro Vega 64,2017,16.0,2048,1250,786,PCIe 3.0 x16,HBM2,12402
AMD,Radeon Pro WX 2100,2017,2.0,64,925,1500,PCIe 3.0 x8,GDDR5,1755
AMD,Radeon Pro WX 3100,2017,4.0,128,925,1500,PCIe 3.0 x8,GDDR5,2627
AMD,Radeon Pro WX 9100,2017,16.0,2048,1200,945,PCIe 3.0 x16,HBM2,13241
AMD,Radeon RX 550,2017,2.0,128,1100,1750,PCIe 3.0 x8,GDDR5,2718
AMD,Radeon RX 560,2017,4.0,128,1175,1750,PCIe 3.0 x8,GDDR5,3594
AMD,Radeon RX 580,2017,8.0,256,1257,2000,PCIe 3.0 x16,GDDR5,8907
AMD,Radeon RX Vega 56,2017,8.0,2048,1156,800,PCIe 3.0 x16,HBM2,13636
AMD,Radeon RX Vega 64,2017,8.0,2048,1247,945,PCIe 3.0 x16,HBM2,14636
AMD,Radeon Vega Frontier Edition,2017,16.0,2048,1382,945,PCIe 3.0 x16,HBM2,13748
NVIDIA,TITAN V,2017,12.0,3072,1200,848,PCIe 3.0 x16,HBM2,18816
NVIDIA,TITAN Xp,2017,12.0,384,1405,1426,PCIe 3.0 x16,GDDR5X,19508
AMD,FirePro S7150,2016,8.0,256,920,1250,PCIe 3.0 x16,GDDR5,6276
NVIDIA,GeForce 920MX,2016,2.0,64,965,900,PCIe 3.0 x8,DDR3,1088
NVIDIA,GeForce 930MX,2016,2.0,64,952,900,PCIe 3.0 x8,DDR3,1302
NVIDIA,GeForce 940MX,2016,2.0,64,1004,1001,PCIe 3.0 x8,DDR3,1503
NVIDIA,GeForce 940MX,2016,2.0,64,795,1253,PCIe 3.0 x8,GDDR5,1503
NVIDIA,GeForce 940MX,2016,1.024,64,954,1253,PCIe 3.0 x8,GDDR5,1503
NVIDIA,GeForce 945M,2016,1.024,64,1006,1001,PCIe 3.0 x8,DDR3,1945
NVIDIA,GeForce 945M,2015,2.0,128,928,900,MXM-B (3.0),DDR3,1945
NVIDIA,GeForce GT 710,2016,1.024,64,810,898,PCIe 2.0 x16,DDR3,637
NVIDIA,GeForce GT 710,2014,2.0,64,954,900,PCIe 2.0 x8,DDR3,637
NVIDIA,GeForce GT 710,2014,2.0,64,954,900,PCIe 2.0 x8,DDR3,637
NVIDIA,GeForce GTX 1050,2016,2.0,128,1354,1752,PCIe 3.0 x16,GDDR5,5090
NVIDIA,GeForce GTX 1050 Ti,2016,4.0,128,1291,1752,PCIe 3.0 x16,GDDR5,6314
NVIDIA,GeForce GTX 1070,2016,8.0,256,1506,2002,PCIe 3.0 x16,GDDR5,13482
NVIDIA,GeForce GTX 1080,2016,8.0,256,1607,1251,PCIe 3.0 x16,GDDR5X,15265
NVIDIA,GeForce GTX 965M,2016,2.0,128,935,1253,MXM-B (3.0),GDDR5,3824
NVIDIA,GeForce GTX 965M,2015,4.0,128,935,1253,MXM-B (3.0),GDDR5,3824
NVIDIA,GeForce GTX 965M,2015,2.0,128,924,1253,MXM-B (3.0),GDDR5,3824
NVIDIA,GeForce GTX 965M,2015,2.0,128,540,1253,MXM-B (3.0),GDDR5,3824
NVIDIA,GRID M10-8Q,2016,8.0,128,1033,1300,PCIe 3.0 x16,GDDR5,2606
NVIDIA,Quadro GP100,2016,16.0,4096,1304,715,PCIe 3.0 x16,HBM2,16203
NVIDIA,Quadro M2000,2016,4.0,128,796,1653,PCIe 3.0 x16,GDDR5,3942
NVIDIA,Quadro M500M,2016,2.0,64,1029,900,MXM-A (3.0),DDR3,1098
NVIDIA,Quadro P5000,2016,16.0,256,1607,1127,PCIe 3.0 x16,GDDR5X,11976
NVIDIA,Quadro P6000,2016,24.0,384,1506,1127,PCIe 3.0 x16,GDDR5X,15811
AMD,Radeon Pro 450,2016,2.0,128,800,1270,PCIe 3.0 x8,GDDR5,2723
AMD,Radeon Pro 455,2016,2.0,128,855,1270,PCIe 3.0 x8,GDDR5,3113
AMD,Radeon Pro 460,2016,4.0,128,850,1270,PCIe 3.0 x8,GDDR5,3453
AMD,Radeon Pro Duo,2016,4.0,4096,1000,500,PCIe 3.0 x16,HBM,8324
AMD,Radeon Pro WX 4100,2016,4.0,128,1125,1500,PCIe 3.0 x8,GDDR5,3766
AMD,Radeon Pro WX 5100,2016,8.0,256,713,1250,PCIe 3.0 x16,GDDR5,5511
AMD,Radeon Pro WX 7100,2016,8.0,256,1188,1750,PCIe 3.0 x16,GDDR5,7822
AMD,Radeon R5 M420,2016,4.0,64,780,1000,PCIe 3.0 x8,DDR3,470
AMD,Radeon R5 M430,2016,4.0,64,1030,900,PCIe 3.0 x8,DDR3,649
AMD,Radeon R5 M430,2016,4.0,64,780,1000,PCIe 3.0 x8,DDR3,649
AMD,Radeon R5 M430,2016,2.0,64,780,1125,PCIe 3.0 x8,DDR3,649
AMD,Radeon R5 M435,2016,2.0,64,780,1125,PCIe 3.0 x8,GDDR5,796
AMD,Radeon R7 M440,2016,4.0,64,891,900,PCIe 3.0 x8,DDR3,862
AMD,Radeon R7 M445,2016,4.0,64,780,1000,PCIe 3.0 x8,GDDR5,913
AMD,Radeon R7 M460,2016,2.0,64,1100,900,PCIe 3.0 x8,DDR3,1038
AMD,Radeon R7 M465,2016,2.0,64,1100,900,PCIe 3.0 x8,DDR3,965
AMD,Radeon R7 M465,2016,2.0,128,825,1000,PCIe 3.0 x8,GDDR5,965
AMD,Radeon R7 M465X,2016,2.0,128,900,1125,PCIe 3.0 x16,GDDR5,1624
AMD,Radeon R9 M470,2016,4.0,128,900,1500,PCIe 3.0 x16,GDDR5,2288
AMD,Radeon R9 M470X,2016,4.0,128,1000,1500,PCIe 3.0 x16,GDDR5,3400
AMD,Radeon R9 M485X,2016,8.0,256,723,1250,MXM-B (3.0),GDDR5,3204
AMD,Radeon RX 460,2016,2.0,128,1090,1750,PCIe 3.0 x8,GDDR5,4114
AMD,Radeon RX 480,2016,8.0,256,1120,2000,PCIe 3.0 x16,GDDR5,8674
NVIDIA,Tesla M10,2016,8.0,128,1033,1300,PCIe 3.0 x16,GDDR5,3490
AMD,FirePro W4170M,2015,2.0,128,825,1000,PCIe 3.0 x8,GDDR5,953
AMD,FirePro W4170M,2014,2.0,128,825,1000,PCIe 3.0 x8,GDDR5,953
AMD,FirePro W4300,2015,4.0,128,930,1500,PCIe 3.0 x16,GDDR5,2863
AMD,FirePro W5130M,2015,2.0,128,900,1000,PCIe 3.0 x16,GDDR5,1341
AMD,FirePro W6150M,2015,4.0,128,1075,1375,MXM-B (3.0),GDDR5,1515
AMD,FirePro W7170M,2015,4.0,256,723,1250,PCIe 3.0 x16,GDDR5,3162
NVIDIA,GeForce 710A,2015,2.0,128,810,901,PCIe 3.0 x16,DDR3,451
NVIDIA,GeForce 710A,2014,1.024,64,719,900,PCIe 3.0 x8,DDR3,451
NVIDIA,GeForce 710A,2013,2.0,64,775,900,PCIe 2.0 x16,DDR3,451
NVIDIA,GeForce 810M,2015,2.0,64,835,900,PCIe 3.0 x16,DDR3,402
NVIDIA,GeForce 810M,2014,1.024,64,738,900,PCIe 2.0 x16,DDR3,402
NVIDIA,GeForce 820M,2015,2.0,128,810,901,PCIe 3.0 x16,DDR3,511
NVIDIA,GeForce 820M,2013,1.024,64,625,900,PCIe 2.0 x16,DDR3,511
NVIDIA,GeForce 845M,2015,2.0,64,863,1001,PCIe 3.0 x16,DDR3,1430
NVIDIA,GeForce 845M,2015,2.0,64,1071,1253,PCIe 3.0 x8,GDDR5,1430
NVIDIA,GeForce 910M,2015,2.0,64,641,1001,PCIe 3.0 x8,DDR3,578
NVIDIA,GeForce 920A,2015,2.0,64,954,1001,PCIe 3.0 x8,DDR3,872
NVIDIA,GeForce 920M,2015,2.0,64,954,900,PCIe 3.0 x8,DDR3,723
NVIDIA,GeForce 930A,2015,2.0,64,928,1001,PCIe 3.0 x8,DDR3,1082
NVIDIA,GeForce 930M,2015,2.0,64,928,900,PCIe 3.0 x8,DDR3,1011
NVIDIA,GeForce 940A,2015,2.0,64,1072,1001,PCIe 3.0 x8,DDR3,1145
NVIDIA,GeForce 940A,2015,1.024,64,1029,1001,PCIe 3.0 x8,DDR3,1145
NVIDIA,GeForce 940M,2015,2.0,64,1020,900,MXM-B (3.0),DDR3,1106
NVIDIA,GeForce 940M,2015,2.0,64,1072,900,PCIe 3.0 x8,DDR3,1106
NVIDIA,GeForce 945A,2015,1.024,64,1006,1253,PCIe 3.0 x8,GDDR5,1852
NVIDIA,GeForce GTX 950,2015,2.0,128,1024,1653,PCIe 3.0 x16,GDDR5,5392
NVIDIA,GeForce GTX 950A,2015,2.0,128,993,1001,MXM-B (3.0),DDR3,2483
NVIDIA,GeForce GTX 950M,2015,4.0,128,993,900,PCIe 3.0 x8,DDR3,2602
NVIDIA,GeForce GTX 960,2015,2.0,128,1127,1753,PCIe 3.0 x16,GDDR5,6042
NVIDIA,GeForce GTX 960A,2015,2.0,128,1029,1253,MXM-B (3.0),GDDR5,2411
NVIDIA,GeForce GTX 960M,2015,4.0,128,1097,1253,MXM-B (3.0),GDDR5,3419
NVIDIA,GeForce GTX 980 Ti,2015,6.0,384,1000,1753,PCIe 3.0 x16,GDDR5,13864
NVIDIA,GeForce GTX TITAN X,2015,12.0,384,1000,1753,PCIe 3.0 x16,GDDR5,13173
NVIDIA,GRID M60-1Q,2015,1.024,256,557,1253,PCIe 3.0 x16,GDDR5,4251
NVIDIA,GRID M60-2Q,2015,2.0,256,557,1253,PCIe 3.0 x16,GDDR5,4316
NVIDIA,GRID M60-8Q,2015,8.0,256,557,1253,PCIe 3.0 x16,GDDR5,3884
NVIDIA,GRID M6-8Q,2015,8.0,256,722,1253,PCIe 3.0 x16,GDDR5,3568
NVIDIA,NVS 810,2015,2.0,64,902,900,PCIe 3.0 x16,DDR3,1141
NVIDIA,Quadro K1200,2015,4.0,128,1058,1250,PCIe 2.0 x16,GDDR5,2874
NVIDIA,Quadro K620M,2015,2.0,64,1029,900,MXM-A (3.0),DDR3,1157
NVIDIA,Quadro M1000M,2015,2.0,128,993,1253,MXM-A (3.0),GDDR5,2987
NVIDIA,Quadro M2000M,2015,4.0,128,1029,1253,MXM-A (3.0),GDDR5,3539
NVIDIA,Quadro M3000M,2015,4.0,256,1050,1253,PCIe 3.0 x16,GDDR5,5678
NVIDIA,Quadro M4000,2015,8.0,256,773,1502,PCIe 3.0 x16,GDDR5,6644
NVIDIA,Quadro M4000M,2015,4.0,256,975,1253,PCIe 3.0 x16,GDDR5,6530
NVIDIA,Quadro M5000,2015,8.0,256,861,1653,PCIe 3.0 x16,GDDR5,9262
NVIDIA,Quadro M5000M,2015,8.0,256,975,1253,MXM-B (3.0),GDDR5,6807
NVIDIA,Quadro M6000,2015,12.0,384,988,1653,PCIe 3.0 x16,GDDR5,11397
NVIDIA,Quadro M600M,2015,2.0,128,837,1253,MXM-A (3.0),GDDR5,2008
AMD,Radeon E6465,2015,2.0,64,600,800,PCIe 2.0 x16,GDDR5,231
AMD,Radeon R5 M315,2015,2.0,64,970,900,PCIe 3.0 x8,DDR3,476
AMD,Radeon R5 M320,2015,4.0,64,780,1000,PCIe 3.0 x8,DDR3,418
AMD,Radeon R5 M330,2015,2.0,64,955,900,PCIe 3.0 x8,DDR3,596
AMD,Radeon R5 M335,2015,2.0,64,1070,900,PCIe 3.0 x8,DDR3,549
AMD,Radeon R7 360,2015,2.0,128,1000,1500,PCIe 3.0 x16,GDDR5,3034
AMD,Radeon R7 370,2015,2.0,256,925,1400,PCIe 3.0 x16,GDDR5,4479
AMD,Radeon R7 A360,2015,2.0,64,1100,900,PCIe 3.0 x8,DDR3,676
AMD,Radeon R7 A360,2015,2.0,128,725,900,PCIe 3.0 x8,DDR3,676
AMD,Radeon R7 A360,2015,1.024,128,900,900,PCIe 3.0 x8,GDDR5,676
AMD,Radeon R7 M260X,2015,1.024,128,620,1000,PCIe 3.0 x8,GDDR5,947
AMD,Radeon R7 M340,2015,2.0,64,943,1000,PCIe 3.0 x8,DDR3,646
AMD,Radeon R7 M340,2015,1.024,64,620,1000,PCIe 3.0 x8,DDR3,646
AMD,Radeon R7 M350,2015,4.0,64,1000,1000,PCIe 3.0 x8,DDR3,1027
AMD,Radeon R7 M350,2015,2.0,64,725,900,PCIe 3.0 x8,DDR3,1027
AMD,Radeon R7 M360,2015,2.0,64,1100,900,PCIe 3.0 x8,DDR3,552
AMD,Radeon R7 M365X,2015,1.024,128,900,1000,PCIe 3.0 x8,GDDR5,884
AMD,Radeon R7 M370,2015,4.0,128,900,1150,PCIe 3.0 x8,GDDR5,1418
AMD,Radeon R7 M380,2015,4.0,128,900,1000,PCIe 3.0 x16,DDR3,1669
AMD,Radeon R9 370,2015,2.0,256,925,1400,PCIe 3.0 x16,GDDR5,4722
AMD,Radeon R9 380,2015,2.0,256,970,1375,PCIe 3.0 x16,GDDR5,6275
AMD,Radeon R9 380X,2015,4.0,256,970,1425,PCIe 3.0 x16,GDDR5,6189
AMD,Radeon R9 390,2015,8.0,512,1000,1500,PCIe 3.0 x16,GDDR5,9008
AMD,Radeon R9 390X,2015,8.0,512,1050,1500,PCIe 3.0 x16,GDDR5,9503
AMD,Radeon R9 A375,2015,2.0,128,900,1125,PCIe 3.0 x16,GDDR5,1024
AMD,Radeon R9 M270X,2015,2.0,128,900,1375,PCIe 3.0 x16,GDDR5,1204
AMD,Radeon R9 M270X,2014,2.0,128,725,1000,PCIe 3.0 x16,GDDR5,1204
AMD,Radeon R9 M280X,2015,4.0,128,900,1375,PCIe 3.0 x16,GDDR5,922
AMD,Radeon R9 M280X,2015,2.0,128,1000,1500,PCIe 3.0 x16,GDDR5,922
AMD,Radeon R9 M360,2015,4.0,128,900,1125,PCIe 3.0 x16,GDDR5,1753
AMD,Radeon R9 M365X,2015,4.0,128,900,1125,PCIe 3.0 x16,GDDR5,1482
AMD,Radeon R9 M375,2015,2.0,128,1000,900,PCIe 3.0 x16,DDR3,763
AMD,Radeon R9 M375X,2015,2.0,128,925,1125,PCIe 3.0 x16,GDDR5,1843
AMD,Radeon R9 M380,2015,4.0,128,900,1500,PCIe 3.0 x16,GDDR5,2931
AMD,Radeon R9 M385,2015,4.0,128,900,1200,PCIe 3.0 x16,GDDR5,2018
AMD,Radeon R9 M385X,2015,4.0,128,1000,1200,PCIe 3.0 x16,GDDR5,1929
AMD,Radeon R9 M390X,2015,4.0,256,723,1250,PCIe 3.0 x16,GDDR5,3021
AMD,Radeon R9 M395X,2015,8.0,256,723,1250,PCIe 3.0 x16,GDDR5,4775
NVIDIA,Tesla M40,2015,12.0,384,948,1502,PCIe 3.0 x16,GDDR5,10117
NVIDIA,Tesla M6,2015,8.0,256,930,1253,PCIe 3.0 x16,GDDR5,7509
NVIDIA,Tesla M60,2015,8.0,256,557,1253,PCIe 3.0 x16,GDDR5,7771
AMD,FirePro S9050,2014,12.0,384,900,1375,PCIe 3.0 x16,GDDR5,4901
AMD,FirePro W2100,2014,2.0,128,630,900,PCIe 3.0 x8,DDR3,890
AMD,FirePro W4100,2014,2.0,128,630,1000,PCIe 3.0 x16,GDDR5,1541
AMD,FirePro W5100,2014,4.0,128,930,1500,PCIe 3.0 x16,GDDR5,2957
AMD,FirePro W7100,2014,8.0,256,920,1250,PCIe 3.0 x16,GDDR5,5175
AMD,FirePro W8100,2014,8.0,512,824,1250,PCIe 3.0 x16,GDDR5,7327
AMD,FirePro W9100,2014,16.0,512,930,1250,PCIe 3.0 x16,GDDR5,7719
NVIDIA,GeForce 720A,2014,1.024,64,775,1000,PCIe 2.0 x16,DDR3,725
NVIDIA,GeForce 800A,2014,1.024,64,475,900,PCIe 2.0 x16,DDR3,428
NVIDIA,GeForce 800A,2014,1.024,64,475,900,PCIe 2.0 x16,DDR3,428
NVIDIA,GeForce 800M,2014,1.024,64,738,900,PCIe 2.0 x16,DDR3,468
NVIDIA,GeForce 810A,2014,2.0,64,719,900,PCIe 3.0 x8,DDR3,622
NVIDIA,GeForce 820A,2014,1.024,64,775,900,PCIe 2.0 x16,DDR3,568
NVIDIA,GeForce 825M,2014,1.024,64,850,900,PCIe 3.0 x8,DDR3,769
NVIDIA,GeForce 830A,2014,2.0,64,1082,900,PCIe 3.0 x8,DDR3,1005
NVIDIA,GeForce 830M,2014,2.0,64,1082,900,PCIe 3.0 x8,DDR3,976
NVIDIA,GeForce 840A,2014,2.0,64,1029,1001,PCIe 3.0 x8,DDR3,1180
NVIDIA,GeForce 840M,2014,2.0,64,1029,1001,PCIe 3.0 x8,DDR3,1067
NVIDIA,GeForce GT 720,2014,2.0,64,967,900,PCIe 2.0 x8,DDR3,606
NVIDIA,GeForce GT 720,2014,1.024,64,797,800,PCIe 2.0 x8,DDR3,606
NVIDIA,GeForce GT 720A,2014,1.024,64,775,1001,PCIe 2.0 x16,DDR3,601
NVIDIA,GeForce GT 730,2014,2.0,128,700,800,PCIe 2.0 x16,DDR3,812
NVIDIA,GeForce GT 730,2014,1.024,128,700,900,PCIe 2.0 x16,DDR3,812
NVIDIA,GeForce GT 730,2014,1.024,64,902,1253,PCIe 2.0 x8,GDDR5,812
NVIDIA,GeForce GT 730A,2014,2.0,64,719,1001,PCIe 3.0 x8,DDR3,743
NVIDIA,GeForce GT 730M,2014,2.0,64,719,900,PCIe 2.0 x8,DDR3,816
NVIDIA,GeForce GT 730M,2013,2.0,128,725,900,PCIe 3.0 x16,DDR3,816
NVIDIA,GeForce GT 740,2014,1.024,128,993,1253,PCIe 3.0 x16,GDDR5,1529
NVIDIA,GeForce GTX 750,2014,1.024,128,1020,1253,PCIe 3.0 x16,GDDR5,3399
NVIDIA,GeForce GTX 750 Ti,2014,2.0,128,1020,1350,PCIe 3.0 x16,GDDR5,3919
NVIDIA,GeForce GTX 760A,2014,2.0,128,628,1002,PCIe 3.0 x16,GDDR5,1060
NVIDIA,GeForce GTX 850A,2014,2.0,128,902,900,PCIe 3.0 x16,DDR3,1050
NVIDIA,GeForce GTX 850M,2014,2.0,128,902,1001,PCIe 3.0 x16,DDR3,2574
NVIDIA,GeForce GTX 860M,2014,4.0,128,1020,1253,MXM-B (3.0),GDDR5,3045
NVIDIA,GeForce GTX 860M,2014,2.0,128,797,1250,PCIe 3.0 x16,GDDR5,3045
NVIDIA,GeForce GTX 870M,2014,3.0,192,941,1250,MXM-B (3.0),GDDR5,3380
NVIDIA,GeForce GTX 880M,2014,8.0,256,954,1250,MXM-B (3.0),GDDR5,3876
NVIDIA,GeForce GTX 970,2014,4.0,256,1050,1753,PCIe 3.0 x16,GDDR5,9688
NVIDIA,GeForce GTX 970M,2014,6.0,192,924,1253,MXM-B (3.0),GDDR5,5761
NVIDIA,GeForce GTX 970M,2014,3.0,192,924,1253,MXM-B (3.0),GDDR5,5761
NVIDIA,GeForce GTX 980,2014,4.0,256,1127,1753,PCIe 3.0 x16,GDDR5,11237
NVIDIA,GeForce GTX 980M,2014,8.0,256,1038,1253,MXM-B (3.0),GDDR5,7317
NVIDIA,GeForce GTX 980M,2014,8.0,256,540,1253,MXM-B (3.0),GDDR5,7317
NVIDIA,GeForce GTX TITAN Z,2014,6.0,384,705,1750,PCIe 3.0 x16,GDDR5,9189
NVIDIA,GRID K120Q,2014,0.512,128,850,891,PCIe 3.0 x16,DDR3,293
NVIDIA,GRID K220Q,2014,0.512,256,745,1250,PCIe 3.0 x16,GDDR5,912
NVIDIA,Quadro K2200,2014,4.0,128,1046,1253,PCIe 2.0 x16,GDDR5,3541
NVIDIA,Quadro K2200M,2014,2.0,128,667,1253,MXM-A (3.0),GDDR5,3877
NVIDIA,Quadro K420,2014,1.024,128,876,891,PCIe 2.0 x16,DDR3,775
NVIDIA,Quadro K4200,2014,4.0,256,771,1350,PCIe 2.0 x16,GDDR5,4337
NVIDIA,Quadro K5200,2014,8.0,256,667,1502,PCIe 3.0 x16,GDDR5,5780
NVIDIA,Quadro K620,2014,2.0,128,1058,900,PCIe 2.0 x16,DDR3,2246
AMD,Radeon E8860,2014,2.0,128,575,1125,PCIe 3.0 x16,GDDR5,1626
AMD,Radeon R5 230,2014,1.024,64,625,667,PCIe 2.0 x16,DDR3,222
AMD,Radeon R5 A240,2014,2.0,128,730,900,PCIe 3.0 x8,DDR3,576
AMD,Radeon R5 A240,2014,1.024,64,1030,900,PCIe 3.0 x8,DDR3,576
AMD,Radeon R5 M230,2014,4.0,64,825,1000,PCIe 3.0 x8,DDR3,391
AMD,Radeon R5 M230,2014,4.0,64,780,1000,PCIe 3.0 x8,DDR3,391
AMD,Radeon R5 M240,2014,1.024,64,1000,900,PCIe 3.0 x8,DDR3,432
AMD,Radeon R5 M255,2014,1.024,128,925,1000,PCIe 3.0 x8,GDDR5,496
AMD,Radeon R7 250X,2014,1.024,128,950,1125,PCIe 3.0 x16,GDDR5,2269
AMD,Radeon R7 A265,2014,2.0,128,725,900,PCIe 3.0 x8,DDR3,955
AMD,Radeon R7 M260,2014,2.0,64,940,900,PCIe 3.0 x8,DDR3,452
AMD,Radeon R7 M265,2014,2.0,64,900,900,PCIe 3.0 x8,DDR3,576
AMD,Radeon R7 M265,2014,2.0,128,725,900,PCIe 3.0 x8,DDR3,576
AMD,Radeon R7 M270,2014,2.0,128,725,900,PCIe 3.0 x8,DDR3,734
AMD,Radeon R9 280,2014,3.0,384,827,1250,PCIe 3.0 x16,GDDR5,5668
AMD,Radeon R9 285,2014,2.0,256,918,1375,PCIe 3.0 x16,GDDR5,6680
AMD,Radeon R9 295X2,2014,4.0,512,1018,1250,PCIe 3.0 x16,GDDR5,8619
AMD,Radeon R9 M265X,2014,2.0,128,575,1000,PCIe 3.0 x16,GDDR5,929
AMD,Radeon R9 M275,2014,2.0,128,900,1000,PCIe 3.0 x16,GDDR5,1115
AMD,Radeon R9 M275X,2014,2.0,128,900,1125,PCIe 3.0 x16,GDDR5,1963
AMD,Radeon R9 M290X,2014,4.0,256,850,1200,PCIe 3.0 x16,GDDR5,3375
AMD,Radeon R9 M295X,2014,4.0,256,723,1250,MXM-B (3.0),GDDR5,5150
AMD,FirePro M4150,2013,1.024,128,715,1000,PCIe 3.0 x8,GDDR5,999
AMD,FirePro M5100,2013,2.0,128,725,1125,MXM-A (3.0),GDDR5,2103
AMD,FirePro M6100,2013,2.0,128,1075,1375,MXM-B (3.0),GDDR5,1945
AMD,FirePro R5000,2013,2.0,256,825,800,PCIe 3.0 x16,GDDR5,2647
NVIDIA,GeForce 705M,2013,1.024,64,738,900,PCIe 2.0 x16,DDR3,456
NVIDIA,GeForce 705M,2013,1.024,64,738,900,PCIe 2.0 x16,DDR3,456
NVIDIA,GeForce 710M,2013,1.024,64,719,900,PCIe 3.0 x8,DDR3,450
NVIDIA,GeForce 710M,2013,1.024,64,775,900,PCIe 2.0 x16,DDR3,450
NVIDIA,GeForce GT 710M,2013,1.024,64,775,900,PCIe 2.0 x16,DDR3,444
NVIDIA,GeForce GT 720M,2013,2.0,64,719,800,PCIe 2.0 x8,DDR3,467
NVIDIA,GeForce GT 720M,2013,2.0,64,775,800,PCIe 2.0 x16,DDR3,467
NVIDIA,GeForce GT 735M,2013,2.0,64,575,900,PCIe 3.0 x8,DDR3,594
NVIDIA,GeForce GT 740A,2013,2.0,64,980,900,PCIe 3.0 x8,DDR3,702
NVIDIA,GeForce GT 740M,2013,2.0,64,980,900,PCIe 3.0 x8,DDR3,779
NVIDIA,GeForce GT 740M,2013,2.0,128,810,901,PCIe 3.0 x16,DDR3,779
NVIDIA,GeForce GT 745A,2013,2.0,128,837,900,PCIe 3.0 x16,DDR3,1144
NVIDIA,GeForce GT 745M,2013,2.0,128,837,900,PCIe 3.0 x16,DDR3,1055
NVIDIA,GeForce GT 745M,2013,2.0,128,549,1000,PCIe 3.0 x16,GDDR5,1055
NVIDIA,GeForce GT 750M,2013,2.0,128,941,1003,PCIe 3.0 x16,GDDR5,1313
NVIDIA,GeForce GT 755M,2013,2.0,128,980,1350,PCIe 3.0 x16,GDDR5,1610
NVIDIA,GeForce GT 820M,2013,1.024,64,775,900,PCIe 2.0 x16,DDR3,627
NVIDIA,GeForce GTX 650,2013,1.024,128,1058,1250,PCIe 3.0 x16,GDDR5,1769
NVIDIA,GeForce GTX 650,2012,1.024,128,1058,1250,PCIe 3.0 x16,GDDR5,1769
NVIDIA,GeForce GTX 760,2013,2.0,256,980,1502,PCIe 3.0 x16,GDDR5,4775
NVIDIA,GeForce GTX 760 Ti OEM,2013,2.0,256,915,1502,PCIe 3.0 x16,GDDR5,5427
NVIDIA,GeForce GTX 760M,2013,2.0,128,628,1002,PCIe 3.0 x16,GDDR5,1691
NVIDIA,GeForce GTX 765M,2013,2.0,128,797,1002,MXM-B (3.0),GDDR5,1972
NVIDIA,GeForce GTX 770,2013,2.0,256,1046,1753,PCIe 3.0 x16,GDDR5,5892
NVIDIA,GeForce GTX 770M,2013,3.0,192,706,1002,MXM-B (3.0),GDDR5,2786
NVIDIA,GeForce GTX 780,2013,3.0,384,863,1502,PCIe 3.0 x16,GDDR5,8022
NVIDIA,GeForce GTX 780 Ti,2013,3.0,384,875,1753,PCIe 3.0 x16,GDDR5,9312
NVIDIA,GeForce GTX 780M,2013,4.0,256,771,1250,MXM-B (3.0),GDDR5,3755
NVIDIA,GRID K1,2013,4.0,128,850,891,PCIe 3.0 x16,DDR3,811
NVIDIA,GRID K140Q,2013,1.024,128,850,891,PCIe 3.0 x16,DDR3,728
NVIDIA,GRID K160Q,2013,1.024,128,850,891,PCIe 3.0 x16,DDR3,628
NVIDIA,GRID K180Q,2013,1.024,128,850,891,PCIe 3.0 x16,DDR3,534
NVIDIA,GRID K2,2013,4.0,256,745,1250,PCIe 3.0 x16,GDDR5,2737
NVIDIA,GRID K240Q,2013,1.024,256,745,1250,PCIe 3.0 x16,GDDR5,2541
NVIDIA,GRID K260Q,2013,2.0,256,745,1250,PCIe 3.0 x16,GDDR5,2949
NVIDIA,GRID K280Q,2013,4.0,256,745,1250,PCIe 3.0 x16,GDDR5,2840
NVIDIA,GRID K520,2013,4.0,256,745,1250,PCIe 3.0 x16,GDDR5,3399
NVIDIA,NVS 315,2013,1.024,64,523,875,PCIe 2.0 x16,DDR3,286
NVIDIA,Quadro K1100M,2013,2.0,128,706,700,MXM-A (3.0),GDDR5,1082
NVIDIA,Quadro K2000,2013,2.0,128,954,1000,PCIe 2.0 x16,GDDR5,1567
NVIDIA,Quadro K2000D,2013,2.0,128,954,1000,PCIe 2.0 x16,GDDR5,1614
NVIDIA,Quadro K2100M,2013,2.0,128,667,752,MXM-A (3.0),GDDR5,1348
NVIDIA,Quadro K3100M,2013,4.0,256,706,800,MXM-B (3.0),GDDR5,2263
NVIDIA,Quadro K4000,2013,3.0,192,810,1404,PCIe 2.0 x16,GDDR5,2700
NVIDIA,Quadro K4100M,2013,4.0,256,706,800,MXM-B (3.0),GDDR5,2756
NVIDIA,Quadro K5100M,2013,8.0,256,771,900,MXM-B (3.0),GDDR5,3266
NVIDIA,Quadro K510M,2013,1.024,64,889,600,MXM-A (3.0),GDDR5,610
NVIDIA,Quadro K600,2013,1.024,128,876,891,PCIe 2.0 x16,DDR3,769
NVIDIA,Quadro K6000,2013,12.0,384,797,1502,PCIe 3.0 x16,GDDR5,8108
NVIDIA,Quadro K610M,2013,1.024,64,980,650,MXM-A (3.0),GDDR5,708
AMD,Radeon HD 7690M XT,2013,2.0,128,725,900,PCIe 2.0 x16,GDDR5,1009
AMD,Radeon HD 7730,2013,1.024,128,800,1125,PCIe 3.0 x16,GDDR5,1217
AMD,Radeon HD 7790,2013,1.024,128,1000,1500,PCIe 3.0 x16,GDDR5,3090
AMD,Radeon HD 7990,2013,3.0,384,950,1500,PCIe 3.0 x16,GDDR5,5566
AMD,Radeon HD 8570M,2013,1.024,64,750,1000,PCIe 3.0 x8,DDR3,422
AMD,Radeon HD 8670M,2013,1.024,64,775,900,PCIe 3.0 x8,DDR3,520
AMD,Radeon HD 8670M,2013,1.024,64,925,1000,PCIe 3.0 x8,DDR3,520
AMD,Radeon HD 8690M,2013,1.024,64,775,1000,PCIe 3.0 x8,GDDR5,984
AMD,Radeon HD 8730M,2013,2.0,128,650,900,PCIe 3.0 x8,DDR3,659
AMD,Radeon HD 8750M,2013,1.024,128,620,1000,PCIe 3.0 x8,GDDR5,860
AMD,Radeon HD 8790M,2013,2.0,128,850,1000,MXM-A (3.0),GDDR5,1306
AMD,Radeon HD 8850M,2013,2.0,128,575,1000,PCIe 3.0 x16,DDR3,973
AMD,Radeon HD 8870M,2013,2.0,128,725,1125,PCIe 3.0 x16,GDDR5,1638
AMD,Radeon HD 8970M,2013,4.0,256,850,1200,PCIe 3.0 x16,GDDR5,3876
AMD,Radeon R7 240,2013,2.0,128,730,900,PCIe 3.0 x8,DDR3,863
AMD,Radeon R7 240,2013,2.0,128,650,1150,PCIe 3.0 x8,GDDR5,863
AMD,Radeon R7 250,2013,1.024,128,925,900,PCIe 3.0 x16,DDR3,1151
AMD,Radeon R7 250,2013,1.024,128,700,900,PCIe 3.0 x16,DDR3,1151
AMD,Radeon R7 250,2013,1.024,128,1000,1150,PCIe 3.0 x8,GDDR5,1151
AMD,Radeon R7 260,2013,2.0,128,1000,1500,PCIe 3.0 x16,GDDR5,2892
AMD,Radeon R7 260X,2013,2.0,128,1100,1625,PCIe 3.0 x16,GDDR5,3147
AMD,Radeon R9 270,2013,2.0,256,900,1400,PCIe 3.0 x16,GDDR5,4306
AMD,Radeon R9 270X,2013,2.0,256,1000,1400,PCIe 3.0 x16,GDDR5,4923
AMD,Radeon R9 280X,2013,3.0,384,850,1500,PCIe 3.0 x16,GDDR5,6284
AMD,Radeon R9 290,2013,4.0,512,947,1250,PCIe 3.0 x16,GDDR5,8409
AMD,Radeon R9 290X,2013,4.0,512,1000,1250,PCIe 3.0 x16,GDDR5,8794
AMD,Radeon Sky 500,2013,4.0,256,950,1200,PCIe 3.0 x16,GDDR5,4736
NVIDIA,Tesla K20m,2013,5.0,320,706,1300,PCIe 2.0 x16,GDDR5,5675
NVIDIA,Tesla K40m,2013,12.0,384,745,1502,PCIe 3.0 x16,GDDR5,705
AMD,FirePro M2000,2012,1.024,64,500,800,PCIe 2.0 x16,GDDR5,406
AMD,FirePro M4000,2012,1.024,128,675,1000,MXM-A (3.0),GDDR5,1597
AMD,FirePro M6000,2012,2.0,128,800,1000,MXM-B (3.0),GDDR5,1820
AMD,FirePro S10000,2012,3.0,384,825,1250,PCIe 3.0 x16,GDDR5,5315
AMD,FirePro S7000,2012,4.0,256,950,1200,PCIe 3.0 x16,GDDR5,4166
AMD,FirePro S9000,2012,6.0,384,900,1375,PCIe 3.0 x16,GDDR5,5059
AMD,FirePro V3900,2012,1.024,128,650,900,PCIe 2.0 x16,GDDR3,662
AMD,FirePro W5000,2012,2.0,256,825,800,PCIe 3.0 x16,GDDR5,3056
AMD,FirePro W600,2012,2.0,128,750,1000,PCIe 3.0 x16,GDDR5,1752
AMD,FirePro W7000,2012,4.0,256,950,1200,PCIe 3.0 x16,GDDR5,4276
AMD,FirePro W8000,2012,4.0,256,900,1375,PCIe 3.0 x16,GDDR5,4138
AMD,FirePro W9000,2012,6.0,384,975,1375,PCIe 3.0 x16,GDDR5,6138
NVIDIA,GeForce 615,2012,1.024,128,660,900,PCIe 2.0 x16,DDR3,552
NVIDIA,GeForce GT 555M,2012,2.0,128,675,900,PCIe 2.0 x16,DDR3,688
NVIDIA,GeForce GT 555M,2011,1.536,192,590,900,PCIe 2.0 x16,DDR3,688
NVIDIA,GeForce GT 555M,2011,1.024,128,590,900,PCIe 2.0 x16,DDR3,688
NVIDIA,GeForce GT 555M,2011,1.024,128,525,900,PCIe 2.0 x16,DDR3,688
NVIDIA,GeForce GT 555M,2011,1.024,128,753,784,PCIe 2.0 x16,GDDR5,688
NVIDIA,GeForce GT 610,2012,1.024,64,810,898,PCIe 2.0 x16,DDR3,303
NVIDIA,GeForce GT 620,2012,1.024,64,700,900,PCIe 2.0 x16,DDR3,365
NVIDIA,GeForce GT 620M,2012,1.024,64,625,900,PCIe 2.0 x16,DDR3,431
NVIDIA,GeForce GT 620M,2012,1.024,128,660,900,PCIe 2.0 x16,DDR3,431
NVIDIA,GeForce GT 625M,2012,2.0,64,625,900,PCIe 2.0 x16,DDR3,435
NVIDIA,GeForce GT 630,2012,1.024,128,810,900,PCIe 2.0 x16,DDR3,683
NVIDIA,GeForce GT 630M,2012,2.0,128,800,900,MXM-A (3.0),GDDR5,549
NVIDIA,GeForce GT 630M,2012,1.024,64,660,900,MXM-A (3.0),DDR3,549
NVIDIA,GeForce GT 630M,2012,1.024,64,660,900,MXM-A (3.0),DDR3,549
NVIDIA,GeForce GT 635M,2012,2.0,128,675,900,PCIe 2.0 x16,DDR3,563
NVIDIA,GeForce GT 635M,2012,2.0,128,650,900,PCIe 2.0 x16,DDR3,563
NVIDIA,GeForce GT 635M,2012,1.024,64,660,900,MXM-A (3.0),DDR3,563
NVIDIA,GeForce GT 635M,2012,1.024,128,660,900,PCIe 2.0 x16,DDR3,563
NVIDIA,GeForce GT 640,2012,2.0,128,902,891,PCIe 3.0 x16,DDR3,1182
NVIDIA,GeForce GT 640M,2012,2.0,128,625,900,PCIe 3.0 x16,DDR3,907
NVIDIA,GeForce GT 640M LE,2012,2.0,128,753,785,PCIe 2.0 x16,GDDR5,673
NVIDIA,GeForce GT 640M LE,2012,1.024,128,500,900,PCIe 3.0 x16,DDR3,673
NVIDIA,GeForce GT 645M,2012,2.0,128,709,900,PCIe 3.0 x16,DDR3,958
NVIDIA,GeForce GT 650M,2012,1.024,128,835,900,PCIe 3.0 x16,DDR3,1199
NVIDIA,GeForce GTX 560 SE,2012,1.024,192,736,957,PCIe 2.0 x16,GDDR5,2087
NVIDIA,GeForce GTX 650 Ti,2012,1.024,128,928,1350,PCIe 3.0 x16,GDDR5,2527
NVIDIA,GeForce GTX 660,2012,2.0,192,980,1502,PCIe 3.0 x16,GDDR5,4004
NVIDIA,GeForce GTX 660 Ti,2012,2.0,192,915,1502,PCIe 3.0 x16,GDDR5,4367
NVIDIA,GeForce GTX 660M,2012,1.024,128,835,1000,MXM-B (3.0),GDDR5,1414
NVIDIA,GeForce GTX 670,2012,2.0,256,915,1502,PCIe 3.0 x16,GDDR5,5304
NVIDIA,GeForce GTX 670M,2012,1.536,192,598,750,MXM-B (3.0),GDDR5,1775
NVIDIA,GeForce GTX 670MX,2012,3.0,192,601,700,PCIe 3.0 x16,GDDR5,1906
NVIDIA,GeForce GTX 675M,2012,2.0,256,620,750,MXM-B (3.0),GDDR5,1934
NVIDIA,GeForce GTX 675MX,2012,2.0,256,654,900,MXM-B (3.0),GDDR5,2338
NVIDIA,GeForce GTX 680,2012,2.0,256,1006,1502,PCIe 3.0 x16,GDDR5,5535
NVIDIA,GeForce GTX 680M,2012,4.0,256,719,900,MXM-B (3.0),GDDR5,3077
NVIDIA,GeForce GTX 690,2012,2.0,256,915,1502,PCIe 3.0 x16,GDDR5,5654
NVIDIA,NVS 310,2012,0.512,64,523,875,PCIe 2.0 x16,DDR3,242
NVIDIA,NVS 510,2012,2.0,128,797,891,PCIe 2.0 x16,DDR3,730
NVIDIA,NVS 5200M,2012,1.024,64,625,900,MXM,DDR3,534
NVIDIA,NVS 5200M,2012,1.024,64,672,785,MXM,GDDR5,534
NVIDIA,NVS 5400M,2012,2.0,128,660,900,MXM,GDDR3,635
NVIDIA,Quadro 410,2012,0.512,64,706,891,PCIe 2.0 x16,DDR3,436
NVIDIA,Quadro 7000,2012,6.0,384,651,851,PCIe 2.0 x16,GDDR5,3505
NVIDIA,Quadro K1000M,2012,2.0,128,850,900,MXM-A (3.0),DDR3,773
NVIDIA,Quadro K2000M,2012,2.0,128,745,900,MXM-A (3.0),DDR3,1027
NVIDIA,Quadro K3000M,2012,2.0,256,654,700,MXM-B (3.0),GDDR5,1626
NVIDIA,Quadro K4000M,2012,4.0,256,601,700,MXM-B (3.0),GDDR5,1949
NVIDIA,Quadro K5000,2012,4.0,256,706,1350,PCIe 2.0 x16,GDDR5,3901
NVIDIA,Quadro K5000M,2012,4.0,256,601,750,MXM-B (3.0),GDDR5,2754
NVIDIA,Quadro K500M,2012,1.024,64,850,800,MXM-A (3.0),DDR3,480
AMD,Radeon HD 7450A,2012,0.512,64,625,800,MXM-A (3.0),GDDR3,288
AMD,Radeon HD 7450M,2012,1.024,64,700,900,PCIe 2.0 x16,DDR3,330
AMD,Radeon HD 7470M,2012,1.024,64,750,900,PCIe 2.0 x16,DDR3,408
AMD,Radeon HD 7550M,2012,1.024,128,500,900,PCIe 2.0 x16,DDR3,465
AMD,Radeon HD 7550M,2012,1.024,64,450,900,PCIe 2.0 x16,DDR3,465
AMD,Radeon HD 7570,2012,1.024,128,650,800,PCIe 2.0 x16,GDDR3,613
AMD,Radeon HD 7570M,2012,1.024,64,500,800,PCIe 2.0 x16,GDDR5,445
AMD,Radeon HD 7610M,2012,1.024,128,450,800,PCIe 2.0 x16,GDDR3,632
AMD,Radeon HD 7650A,2012,1.024,128,600,900,MXM-A (3.0),DDR3,564
AMD,Radeon HD 7650M,2012,1.024,128,450,800,PCIe 2.0 x16,DDR3,451
AMD,Radeon HD 7670A,2012,1.024,128,600,1000,MXM-A (3.0),GDDR5,1050
AMD,Radeon HD 7670M,2012,1.024,128,600,900,PCIe 2.0 x16,DDR3,485
AMD,Radeon HD 7730M,2012,2.0,128,575,900,PCIe 2.0 x16,DDR3,634
AMD,Radeon HD 7750,2012,1.024,128,800,1125,PCIe 3.0 x16,GDDR5,1696
AMD,Radeon HD 7750M,2012,2.0,128,575,1000,PCIe 2.0 x16,GDDR5,1191
AMD,Radeon HD 7850,2012,2.0,256,860,1200,PCIe 3.0 x16,GDDR5,3826
AMD,Radeon HD 7850M,2012,2.0,128,675,1000,PCIe 3.0 x16,GDDR5,1373
AMD,Radeon HD 7870 XT,2012,2.0,256,925,1500,PCIe 3.0 x16,GDDR5,4470
AMD,Radeon HD 7870M,2012,2.0,128,800,1000,PCIe 3.0 x16,GDDR5,1507
AMD,Radeon HD 7970M,2012,2.0,256,850,1200,MXM-B (3.0),GDDR5,3774
NVIDIA,Tesla K20Xm,2012,6.0,384,732,1300,PCIe 3.0 x16,GDDR5,5428
AMD,FirePro 2270,2011,0.512,64,600,600,PCIe 2.0 x16,GDDR3,147
AMD,FirePro M5950,2011,1.024,128,725,900,MXM-A (3.0),GDDR5,1314
AMD,FirePro V4900,2011,1.024,128,800,1000,PCIe 2.0 x16,GDDR5,974
AMD,FirePro V5900,2011,2.0,256,600,500,PCIe 2.0 x16,GDDR5,1271
AMD,FirePro V7900,2011,2.0,256,725,1250,PCIe 2.0 x16,GDDR5,2310
NVIDIA,GeForce 315M,2011,0.512,64,606,800,PCIe 2.0 x16,GDDR3,116
NVIDIA,GeForce 410M,2011,0.512,64,574,800,PCIe 2.0 x16,DDR3,250
NVIDIA,GeForce 610M,2011,1.024,64,738,900,PCIe 2.0 x16,DDR3,292
NVIDIA,GeForce 610M,2011,1.024,64,672,800,PCIe 2.0 x16,DDR3,292
NVIDIA,GeForce 610M,2011,1.024,64,625,900,PCIe 2.0 x16,DDR3,292
NVIDIA,GeForce GT 435M,2011,1.024,128,590,800,PCIe 2.0 x16,DDR3,521
NVIDIA,GeForce GT 435M,2010,2.0,128,650,800,PCIe 2.0 x16,DDR3,521
NVIDIA,GeForce GT 440,2011,1.024,128,810,900,PCIe 2.0 x16,DDR3,766
NVIDIA,GeForce GT 520,2011,1.024,64,810,900,PCIe 2.0 x16,DDR3,297
NVIDIA,GeForce GT 520M,2011,1.024,64,740,800,PCIe 2.0 x16,DDR3,288
NVIDIA,GeForce GT 520M,2011,1.024,64,672,800,PCIe 2.0 x16,DDR3,288
NVIDIA,GeForce GT 520MX,2011,1.024,64,900,900,PCIe 2.0 x16,DDR3,293
NVIDIA,GeForce GT 525M,2011,1.024,128,600,900,PCIe 2.0 x16,DDR3,460
NVIDIA,GeForce GT 540M,2011,1.024,128,672,900,MXM-A (3.0),DDR3,493
NVIDIA,GeForce GT 545,2011,1.536,192,720,800,PCIe 2.0 x16,DDR3,1096
NVIDIA,GeForce GT 550M,2011,1.024,128,740,900,PCIe 2.0 x16,DDR3,580
NVIDIA,GeForce GTX 460 v2,2011,1.024,192,779,1002,PCIe 2.0 x16,GDDR5,2005
NVIDIA,GeForce GTX 485M,2011,2.0,256,575,750,MXM-B (3.0),GDDR5,2360
NVIDIA,GeForce GTX 550 Ti,2011,1.024,192,900,1026,PCIe 2.0 x16,GDDR5,1557
NVIDIA,GeForce GTX 560,2011,1.024,256,810,1000,PCIe 2.0 x16,GDDR5,2711
NVIDIA,GeForce GTX 560 Ti,2011,1.024,256,823,1002,PCIe 2.0 x16,GDDR5,3056
NVIDIA,GeForce GTX 560M,2011,1.536,192,775,625,MXM-B (3.0),GDDR5,1266
NVIDIA,GeForce GTX 570M,2011,1.536,192,575,750,MXM-B (3.0),GDDR5,1910
NVIDIA,GeForce GTX 580M,2011,2.0,256,620,750,MXM-B (3.0),GDDR5,2373
NVIDIA,GeForce GTX 590,2011,1.536,384,608,854,PCIe 2.0 x16,GDDR5,3307
NVIDIA,NVS 300,2011,0.512,64,520,790,PCIe 2.0 x16,DDR3,114
NVIDIA,NVS 4200M,2011,1.024,64,810,800,MXM,DDR3,257
NVIDIA,Quadro 1000M,2011,2.0,128,700,900,MXM-A (3.0),DDR3,599
NVIDIA,Quadro 2000D,2011,1.024,128,625,650,PCIe 2.0 x16,GDDR5,989
NVIDIA,Quadro 2000M,2011,2.0,128,550,900,MXM-A (3.0),DDR3,773
NVIDIA,Quadro 3000M,2011,2.0,256,450,625,MXM-B (3.0),GDDR5,1024
NVIDIA,Quadro 400,2011,0.512,64,450,770,PCIe 2.0 x16,DDR3,146
NVIDIA,Quadro 4000M,2011,2.0,256,475,625,MXM-B (3.0),GDDR5,1307
NVIDIA,Quadro 5000,2011,2.5,320,513,750,PCIe 2.0 x16,GDDR5,1982
NVIDIA,Quadro 500M,2011,1.024,128,700,900,MXM-A (3.0),DDR3,664
NVIDIA,Quadro 5010M,2011,4.0,256,450,650,MXM-B (3.0),GDDR5,1891
AMD,Radeon E6460,2011,0.512,64,600,800,PCIe 2.0 x16,GDDR5,324
AMD,Radeon HD 6230,2011,0.512,64,650,667,PCIe 2.0 x16,DDR2,179
AMD,Radeon HD 6250,2011,0.512,64,650,500,PCIe 2.0 x16,GDDR3,94
AMD,Radeon HD 6290,2011,1.024,64,650,800,PCIe 2.0 x16,GDDR3,109
AMD,Radeon HD 6430M,2011,1.024,64,480,800,PCIe 2.0 x16,DDR3,193
AMD,Radeon HD 6450,2011,0.512,64,625,800,PCIe 2.0 x16,GDDR5,200
AMD,Radeon HD 6450A,2011,0.512,64,625,533,MXM-A (3.0),DDR3,260
AMD,Radeon HD 6470M,2011,0.512,64,700,800,PCIe 2.0 x16,DDR3,228
AMD,Radeon HD 6490M,2011,0.512,64,800,800,PCIe 2.0 x16,GDDR5,378
AMD,Radeon HD 6550A,2011,2.0,128,550,800,MXM-A (3.0),GDDR3,708
AMD,Radeon HD 6570,2011,2.0,128,650,1000,PCIe 2.0 x16,GDDR5,496
AMD,Radeon HD 6570,2011,1.024,128,650,500,PCIe 2.0 x16,GDDR3,496
AMD,Radeon HD 6610M,2011,1.024,128,450,800,PCIe 2.0 x16,DDR3,565
AMD,Radeon HD 6630M,2011,1.024,128,500,800,PCIe 2.0 x16,DDR3,685
AMD,Radeon HD 6650A,2011,1.024,128,600,900,MXM-A (3.0),DDR3,836
AMD,Radeon HD 6650M,2011,1.024,128,600,800,PCIe 2.0 x16,DDR3,752
AMD,Radeon HD 6670,2011,1.024,128,800,1000,PCIe 2.0 x16,GDDR5,745
AMD,Radeon HD 6750,2011,1.024,128,700,1150,PCIe 2.0 x16,GDDR5,1005
AMD,Radeon HD 6750M,2011,1.024,128,600,800,MXM-A (3.0),GDDR3,937
AMD,Radeon HD 6770,2011,1.024,128,850,1200,PCIe 2.0 x16,GDDR5,1231
AMD,Radeon HD 6770M,2011,1.024,128,725,900,MXM-A (3.0),GDDR5,964
AMD,Radeon HD 6790,2011,1.024,256,840,1050,PCIe 2.0 x16,GDDR5,1613
AMD,Radeon HD 6850 X2,2011,2.0,256,800,1050,PCIe 2.0 x16,GDDR5,2534
AMD,Radeon HD 6970M,2011,1.024,256,680,900,MXM-B (3.0),GDDR5,2270
AMD,Radeon HD 6990,2011,2.0,256,830,1250,PCIe 2.0 x16,GDDR5,3013
AMD,Radeon HD 7690M,2011,1.024,128,725,900,MXM-A (3.0),DDR3,1003
NVIDIA,Tesla C2050,2011,3.0,384,574,750,PCIe 2.0 x16,GDDR5,3515
NVIDIA,Tesla C2070,2011,6.0,384,574,747,PCIe 2.0 x16,GDDR5,3101
NVIDIA,Tesla C2075,2011,6.0,384,574,783,PCIe 2.0 x16,GDDR5,3118
NVIDIA,Tesla M2070-Q,2011,6.0,384,574,783,PCIe 2.0 x16,GDDR5,1306
AMD,FireStream 9370,2010,4.0,256,825,1150,PCIe 2.0 x16,GDDR5,2528
NVIDIA,GeForce 305M,2010,0.512,64,525,700,PCIe 2.0 x16,GDDR3,151
NVIDIA,GeForce 310M,2010,1.024,64,606,667,PCIe 2.0 x16,DDR3,111
NVIDIA,GeForce 310M,2010,0.512,64,625,790,PCIe 2.0 x16,DDR3,111
NVIDIA,GeForce 310M,2010,0.512,64,625,800,PCIe 2.0 x16,GDDR3,111
NVIDIA,GeForce GT 220,2010,1.024,128,600,700,PCIe 2.0 x16,GDDR3,211
NVIDIA,GeForce GT 220,2009,0.512,128,615,1000,PCIe 2.0 x16,DDR2,211
NVIDIA,GeForce GT 320M,2010,1.024,128,500,790,PCIe 2.0 x16,DDR3,107
NVIDIA,GeForce GT 320M,2009,0.512,128,500,800,MXM-II,GDDR3,107
NVIDIA,GeForce GT 325M,2010,1.024,128,450,700,PCIe 2.0 x16,DDR3,171
NVIDIA,GeForce GT 330M,2010,1.024,128,575,800,MXM-A (3.0),GDDR3,209
NVIDIA,GeForce GT 335M,2010,1.024,128,450,800,PCIe 2.0 x16,GDDR3,400
NVIDIA,GeForce GT 415M,2010,0.512,128,500,800,PCIe 2.0 x16,DDR3,286
NVIDIA,GeForce GT 420M,2010,0.512,128,500,800,PCIe 2.0 x16,DDR3,418
NVIDIA,GeForce GT 425M,2010,1.024,128,560,800,PCIe 2.0 x16,DDR3,517
NVIDIA,GeForce GT 430,2010,0.512,64,700,800,PCIe 2.0 x16,DDR3,603
NVIDIA,GeForce GT 445M,2010,3.0,192,590,800,PCIe 2.0 x16,DDR3,881
NVIDIA,GeForce GT 445M,2010,1.024,128,570,625,PCIe 2.0 x16,GDDR5,881
NVIDIA,GeForce GTS 350M,2010,1.024,128,500,800,MXM-II,GDDR5,408
NVIDIA,GeForce GTS 360M,2010,1.024,128,550,900,MXM-II,GDDR5,655
NVIDIA,GeForce GTS 450,2010,1.024,128,783,902,PCIe 2.0 x16,GDDR5,1321
NVIDIA,GeForce GTX 285M,2010,1.024,256,600,1000,MXM-B (3.0),GDDR3,676
NVIDIA,GeForce GTX 460,2010,1.024,256,675,900,PCIe 2.0 x16,GDDR5,2289
NVIDIA,GeForce GTX 460,2010,0.768,192,675,900,PCIe 2.0 x16,GDDR5,2289
NVIDIA,GeForce GTX 460 SE,2010,1.024,256,650,850,PCIe 2.0 x16,GDDR5,1974
NVIDIA,GeForce GTX 460M,2010,1.536,192,675,625,PCIe 2.0 x16,GDDR5,1198
NVIDIA,GeForce GTX 465,2010,1.024,256,608,802,PCIe 2.0 x16,GDDR5,2681
NVIDIA,GeForce GTX 470,2010,1.28,320,608,837,PCIe 2.0 x16,GDDR5,3147
NVIDIA,GeForce GTX 470M,2010,1.536,192,535,750,MXM-B (3.0),GDDR5,1953
NVIDIA,GeForce GTX 480,2010,1.536,384,701,924,PCIe 2.0 x16,GDDR5,4110
NVIDIA,GeForce GTX 480M,2010,2.0,256,425,600,MXM-B (3.0),GDDR5,2051
NVIDIA,GeForce GTX 570,2010,1.28,320,732,950,PCIe 2.0 x16,GDDR5,3902
NVIDIA,GeForce GTX 580,2010,1.536,384,772,1002,PCIe 2.0 x16,GDDR5,4538
NVIDIA,NVS 2100M,2010,0.512,64,535,790,PCIe 2.0 x16,GDDR3,139
NVIDIA,NVS 3100M,2010,0.512,64,606,790,PCIe 2.0 x16,GDDR3,115
NVIDIA,NVS 5100M,2010,1.024,128,550,800,MXM-A (3.0),GDDR3,190
NVIDIA,Quadro 2000,2010,1.024,128,625,650,PCIe 2.0 x16,GDDR5,942
NVIDIA,Quadro 4000,2010,2.0,256,475,702,PCIe 2.0 x16,GDDR5,1489
NVIDIA,Quadro 5000M,2010,1.792,256,405,600,MXM-B (3.0),GDDR5,2060
NVIDIA,Quadro 600,2010,1.024,128,640,800,PCIe 2.0 x16,DDR3,546
NVIDIA,Quadro 6000,2010,6.0,384,574,747,PCIe 2.0 x16,GDDR5,2689
NVIDIA,Quadro FX 380M,2010,0.512,64,606,790,PCIe 2.0 x16,GDDR3,124
NVIDIA,Quadro FX 880M,2010,1.024,128,550,790,MXM-A (3.0),GDDR3,219
AMD,Radeon HD 6370M,2010,1.024,64,750,800,PCIe 2.0 x16,GDDR3,276
AMD,Radeon HD 6850,2010,1.024,256,775,1000,PCIe 2.0 x16,GDDR5,1979
AMD,Radeon HD 6870,2010,1.024,256,900,1050,PCIe 2.0 x16,GDDR5,2223
AMD,Radeon HD 6950,2010,2.0,256,800,1250,PCIe 2.0 x16,GDDR5,2650
AMD,Radeon HD 6970,2010,2.0,256,880,1375,PCIe 2.0 x16,GDDR5,2863
NVIDIA,GeForce 210,2009,0.512,64,520,400,PCIe 2.0 x16,DDR3,97
NVIDIA,GeForce 9800 GTX+,2009,0.512,256,738,1100,PCIe 2.0 x16,GDDR3,538
NVIDIA,GeForce G105M,2009,0.512,64,535,790,PCIe 2.0 x16,DDR3,108
NVIDIA,GeForce G105M,2009,0.512,64,640,700,PCIe 2.0 x16,GDDR3,108
NVIDIA,GeForce G105M,2009,0.256,64,500,700,PCIe 2.0 x16,GDDR3,108
NVIDIA,GeForce G210M,2009,0.512,64,625,800,PCIe 2.0 x16,GDDR3,122
NVIDIA,GeForce GT 120M,2009,1.024,128,500,500,PCIe 2.0 x16,DDR2,266
NVIDIA,GeForce GT 130M,2009,1.024,128,600,800,PCIe 2.0 x16,GDDR3,146
NVIDIA,GeForce GT 220M,2009,0.512,128,500,800,MXM-II,GDDR3,121
NVIDIA,GeForce GT 230,2009,0.512,256,650,900,PCIe 2.0 x16,GDDR3,322
NVIDIA,GeForce GT 230M,2009,1.024,128,500,800,PCIe 2.0 x16,GDDR3,201
NVIDIA,GeForce GT 240,2009,1.024,128,550,850,PCIe 2.0 x16,GDDR5,543
NVIDIA,GeForce GT 240M,2009,1.024,128,550,800,PCIe 2.0 x16,GDDR3,205
NVIDIA,GeForce GTS 150M,2009,1.024,256,400,800,PCIe 2.0 x16,GDDR3,504
NVIDIA,GeForce GTS 160M,2009,1.024,256,600,800,PCIe 2.0 x16,GDDR3,679
NVIDIA,GeForce GTS 250,2009,1.024,256,702,1000,PCIe 2.0 x16,GDDR3,618
NVIDIA,GeForce GTS 250,2009,1.024,256,675,1008,PCIe 2.0 x16,GDDR3,618
NVIDIA,GeForce GTS 250M,2009,1.024,128,500,800,PCIe 2.0 x16,GDDR5,569
NVIDIA,GeForce GTX 260M,2009,1.024,256,550,950,PCIe 2.0 x16,GDDR3,412
NVIDIA,GeForce GTX 275,2009,0.896,448,633,1134,PCIe 2.0 x16,GDDR3,1401
NVIDIA,GeForce GTX 280M,2009,1.024,256,585,950,MXM-IV,GDDR3,621
NVIDIA,GeForce GTX 295,2009,0.896,448,576,999,PCIe 2.0 x16,GDDR3,1171
NVIDIA,Quadro FX 1800,2009,0.768,192,550,800,PCIe 2.0 x16,GDDR3,405
NVIDIA,Quadro FX 1800M,2009,1.024,128,561,550,MXM-A (3.0),GDDR5,469
NVIDIA,Quadro FX 2800M,2009,1.024,256,600,1000,MXM-B (3.0),GDDR3,433
NVIDIA,Quadro FX 380,2009,0.256,128,450,700,PCIe 2.0 x16,GDDR3,186
NVIDIA,Quadro FX 380 LP,2009,0.512,64,550,800,PCIe 2.0 x16,GDDR3,136
NVIDIA,Quadro FX 3800,2009,1.024,256,600,800,PCIe 2.0 x16,GDDR3,780
NVIDIA,Quadro FX 580,2009,0.512,128,450,800,PCIe 2.0 x16,GDDR3,155
NVIDIA,Quadro NVS 295,2009,0.256,64,540,695,PCIe 1.0 x16,GDDR3,75
NVIDIA,Quadro NVS 420,2009,0.256,64,550,700,PCIe 2.0 x16,GDDR3,70
AMD,FireStream 9250,2008,1.024,256,625,993,PCIe 2.0 x16,GDDR3,1165
AMD,FireStream 9270,2008,2.0,256,750,900,PCIe 2.0 x16,GDDR5,1341
NVIDIA,GeForce 8400 SE,2008,0.128,64,459,400,PCIe 2.0 x16,DDR2,68
NVIDIA,GeForce 8800 GS,2008,0.384,192,550,800,PCIe 1.0 x16,GDDR3,332
NVIDIA,GeForce 9200M GS,2008,0.256,64,550,700,PCIe 2.0 x16,GDDR3,111
NVIDIA,GeForce 9300 GE,2008,0.256,64,540,400,PCIe 2.0 x16,DDR2,84
NVIDIA,GeForce 9300 GS,2008,0.512,64,567,333,PCIe 2.0 x16,DDR2,111
NVIDIA,GeForce 9300 SE,2008,0.256,64,540,400,PCIe 2.0 x16,DDR2,82
NVIDIA,GeForce 9300M G,2008,0.256,64,400,600,PCIe 2.0 x16,GDDR3,85
NVIDIA,GeForce 9300M GS,2008,0.256,64,550,700,MXM-I,GDDR3,92
NVIDIA,GeForce 9400 GT,2008,0.512,128,550,400,PCIe 2.0 x16,DDR2,105
NVIDIA,GeForce 9400 GT,2008,0.128,64,459,600,PCIe 2.0 x16,DDR2,105
NVIDIA,GeForce 9500 GS,2008,0.512,128,550,504,PCIe 2.0 x16,DDR2,157
NVIDIA,GeForce 9500 GT,2008,0.512,128,600,1000,PCIe 2.0 x16,GDDR3,135
NVIDIA,GeForce 9500M G,2008,0.512,128,500,800,PCIe 2.0 x16,GDDR3,122
NVIDIA,GeForce 9500M GS,2008,0.512,128,475,700,PCIe 1.0 x16,GDDR3,104
NVIDIA,GeForce 9600 GSO,2008,0.384,192,550,800,PCIe 2.0 x16,GDDR3,350
NVIDIA,GeForce 9600 GSO 512,2008,0.512,256,650,900,PCIe 2.0 x16,GDDR3,345
NVIDIA,GeForce 9600 GT,2008,0.512,256,650,900,PCIe 2.0 x16,GDDR3,505
NVIDIA,GeForce 9600M GS,2008,1.024,128,430,800,MXM-II,GDDR3,119
NVIDIA,GeForce 9600M GT,2008,0.512,128,500,800,MXM-II,GDDR3,132
NVIDIA,GeForce 9650M GS,2008,0.512,128,625,800,PCIe 2.0 x16,GDDR3,270
NVIDIA,GeForce 9650M GT,2008,1.024,128,550,800,MXM-II,GDDR3,137
NVIDIA,GeForce 9700M GT,2008,0.512,128,625,800,MXM-II,GDDR3,217
NVIDIA,GeForce 9700M GTS,2008,0.512,256,530,800,PCIe 2.0 x16,GDDR3,326
NVIDIA,GeForce 9800 GT,2008,0.512,256,600,900,PCIe 2.0 x16,GDDR3,481
NVIDIA,GeForce 9800 GT,2008,0.512,256,600,900,PCIe 2.0 x16,GDDR3,481
NVIDIA,GeForce 9800 GTX,2008,0.512,256,675,1100,PCIe 2.0 x16,GDDR3,769
NVIDIA,GeForce 9800 GX2,2008,0.512,256,600,1000,PCIe 2.0 x16,GDDR3,798
NVIDIA,GeForce 9800M GS,2008,0.512,256,530,800,PCIe 2.0 x16,GDDR3,460
NVIDIA,GeForce 9800M GT,2008,0.512,256,500,800,PCIe 2.0 x16,GDDR3,424
NVIDIA,GeForce 9800M GTS,2008,1.024,256,600,800,PCIe 2.0 x16,GDDR3,379
NVIDIA,GeForce 9800M GTS,2008,0.512,256,600,800,PCIe 2.0 x16,GDDR3,379
NVIDIA,GeForce 9800M GTX,2008,1.024,256,500,800,PCIe 2.0 x16,GDDR3,462
NVIDIA,GeForce GTX 260,2008,0.896,448,576,999,PCIe 2.0 x16,GDDR3,1221
NVIDIA,GeForce GTX 280,2008,1.024,512,602,1107,PCIe 2.0 x16,GDDR3,1181
NVIDIA,GeForce GTX 285,2008,1.024,512,648,1242,PCIe 2.0 x16,GDDR3,1550
NVIDIA,Quadro CX,2008,1.536,384,602,800,PCIe 2.0 x16,GDDR3,947
NVIDIA,Quadro FX 1700M,2008,0.512,128,625,800,MXM-II,GDDR3,173
NVIDIA,Quadro FX 2700M,2008,0.512,256,530,799,MXM-HE,GDDR3,358
NVIDIA,Quadro FX 3600M,2008,0.512,256,500,800,MXM-HE,GDDR3,467
NVIDIA,Quadro FX 3600M,2008,0.512,256,500,799,MXM-HE,GDDR3,467
NVIDIA,Quadro FX 370 LP,2008,0.256,64,540,500,PCIe 1.0 x16,DDR2,108
NVIDIA,Quadro FX 3700,2008,0.512,256,500,800,PCIe 2.0 x16,GDDR3,384
NVIDIA,Quadro FX 3700M,2008,1.024,256,550,800,MXM-HE,GDDR3,467
NVIDIA,Quadro FX 370M,2008,0.256,64,550,600,MXM-II,GDDR3,93
NVIDIA,Quadro FX 3800M,2008,1.024,256,675,1000,MXM-B (3.0),GDDR3,628
NVIDIA,Quadro FX 4700 X2,2008,1.024,256,600,800,PCIe 2.0 x16,GDDR3,676
NVIDIA,Quadro FX 4800,2008,1.536,384,602,800,PCIe 2.0 x16,GDDR3,979
NVIDIA,Quadro FX 5800,2008,4.0,512,610,800,PCIe 2.0 x16,GDDR3,1248
NVIDIA,Quadro FX 770M,2008,0.512,128,500,800,MXM-II,GDDR3,198
NVIDIA,Quadro NVS 150M,2008,0.256,64,530,700,MXM-I,GDDR3,93
NVIDIA,Quadro NVS 160M,2008,0.256,64,580,700,MXM-I,GDDR3,76
NVIDIA,Quadro NVS 450,2008,0.256,64,480,700,PCIe 1.0 x16,GDDR3,64
AMD,FireStream 9170,2007,2.0,256,800,800,PCIe 2.0 x16,GDDR3,647
NVIDIA,GeForce 8300 GS,2007,0.128,64,459,400,PCIe 2.0 x16,DDR2,67
NVIDIA,GeForce 8400,2007,0.256,64,540,500,PCIe 2.0 x16,DDR2,81
NVIDIA,GeForce 8400 GS,2007,0.256,64,459,400,PCIe 1.0 x16,DDR2,128
NVIDIA,GeForce 8400M G,2007,0.256,64,400,400,PCIe 1.0 x16,GDDR3,59
NVIDIA,GeForce 8400M GS,2007,0.256,64,400,400,MXM-I,DDR2,98
NVIDIA,GeForce 8400M GT,2007,0.512,128,450,600,PCIe 1.0 x16,GDDR3,64
NVIDIA,GeForce 8500 GT,2007,0.256,128,459,400,PCIe 1.0 x16,GDDR3,115
NVIDIA,GeForce 8600 GS,2007,0.512,128,540,400,PCIe 1.0 x16,DDR2,92
NVIDIA,GeForce 8600 GT,2007,0.512,128,540,700,PCIe 1.0 x16,GDDR3,117
NVIDIA,GeForce 8600 GTS,2007,0.256,128,675,1000,PCIe 1.0 x16,GDDR3,161
NVIDIA,GeForce 8600M GS,2007,0.512,128,450,400,MXM-II,DDR2,73
NVIDIA,GeForce 8600M GT,2007,0.512,128,475,400,MXM-II,DDR2,89
NVIDIA,GeForce 8600M GT,2007,0.512,128,475,700,MXM-II,GDDR3,89
NVIDIA,GeForce 8700M GT,2007,0.512,128,625,800,MXM-HE,GDDR3,124
NVIDIA,GeForce 8800 GT,2007,0.512,256,600,900,PCIe 2.0 x16,GDDR3,519
NVIDIA,GeForce 8800 GTS 512,2007,0.512,256,650,820,PCIe 2.0 x16,GDDR3,591
NVIDIA,GeForce 8800 Ultra,2007,0.768,384,612,1080,PCIe 1.0 x16,GDDR3,639
NVIDIA,GeForce 8800M GTS,2007,0.512,256,500,800,MXM-HE,GDDR3,382
NVIDIA,GeForce 8800M GTX,2007,0.512,256,500,800,MXM-HE,GDDR3,462
NVIDIA,Quadro FX 1600M,2007,0.512,128,625,800,MXM-HE,GDDR3,186
NVIDIA,Quadro FX 1700,2007,0.512,256,460,400,PCIe 1.0 x16,DDR2,118
NVIDIA,Quadro FX 3500M,2007,0.512,256,575,600,MXM-III,GDDR3,306
NVIDIA,Quadro FX 360M,2007,0.256,64,400,600,PCIe 1.0 x16,DDR2,87
NVIDIA,Quadro FX 370,2007,0.256,64,360,500,PCIe 1.0 x16,DDR2,84
NVIDIA,Quadro FX 4600,2007,0.768,384,500,700,PCIe 1.0 x16,GDDR3,437
NVIDIA,Quadro FX 5600,2007,1.536,384,600,800,PCIe 1.0 x16,GDDR3,562
NVIDIA,Quadro FX 570,2007,0.256,128,460,400,PCIe 1.0 x16,DDR2,156
NVIDIA,Quadro FX 570M,2007,0.512,128,475,700,PCIe 1.0 x16,GDDR3,111
NVIDIA,Quadro NVS 130M,2007,0.256,64,400,700,PCIe 2.0 x16,DDR2,97
NVIDIA,Quadro NVS 135M,2007,0.256,64,400,594,PCIe 2.0 x16,GDDR3,67
NVIDIA,Quadro NVS 140M,2007,0.512,64,400,600,PCIe 2.0 x16,GDDR3,49
NVIDIA,Quadro NVS 290,2007,0.256,64,459,400,PCIe 1.0 x16,DDR2,205
NVIDIA,Quadro NVS 320M,2007,0.512,128,575,700,MXM-HE,GDDR3,128
NVIDIA,GeForce 7100 GS,2006,0.128,64,350,266,PCIe 1.0 x16,DDR2,52
NVIDIA,GeForce 7200 GS,2006,0.128,64,450,334,PCIe 1.0 x16,DDR2,23
NVIDIA,GeForce 7300 GS,2006,0.256,64,450,266,PCIe 1.0 x16,DDR2,82
NVIDIA,GeForce 7300 GT,2006,0.128,128,350,325,PCIe 1.0 x16,DDR2,135
NVIDIA,GeForce 7300 LE,2006,0.128,64,450,324,PCIe 1.0 x16,DDR2,78
NVIDIA,GeForce 7300 SE,2006,0.256,64,450,266,PCIe 1.0 x16,DDR2,39
NVIDIA,GeForce 7350 LE,2006,0.128,64,450,400,PCIe 1.0 x16,DDR2,74
NVIDIA,GeForce 7500 LE,2006,0.064,64,475,405,PCIe 1.0 x16,DDR2,87
NVIDIA,GeForce 7600 GS,2006,0.256,128,400,400,PCIe 1.0 x16,DDR2,158
NVIDIA,GeForce 7600 GT,2006,0.256,128,560,700,PCIe 1.0 x16,GDDR3,204
NVIDIA,GeForce 7650 GS,2006,0.256,128,450,400,PCIe 1.0 x16,DDR2,134
NVIDIA,GeForce 7900 GS,2006,0.256,256,450,660,PCIe 1.0 x16,GDDR3,254
NVIDIA,GeForce 7900 GT,2006,0.256,256,450,660,PCIe 1.0 x16,GDDR3,258
NVIDIA,GeForce 7900 GTX,2006,0.512,256,650,800,PCIe 1.0 x16,GDDR3,388
NVIDIA,GeForce 7950 GT,2006,0.512,256,550,700,PCIe 1.0 x16,GDDR3,344
NVIDIA,GeForce 7950 GX2,2006,0.512,256,500,600,PCIe 1.0 x16,GDDR3,202
NVIDIA,GeForce 8800 GTX,2006,0.768,384,576,900,PCIe 1.0 x16,GDDR3,597
NVIDIA,GeForce Go 6200,2006,0.032,64,300,300,PCIe 1.0 x16,DDR,15
NVIDIA,GeForce Go 6400,2006,0.032,64,400,350,PCIe 1.0 x16,DDR,24
NVIDIA,GeForce Go 7200,2006,0.064,32,450,350,PCIe 1.0 x16,GDDR3,45
NVIDIA,GeForce Go 7300,2006,0.064,64,350,350,PCIe 1.0 x16,GDDR3,52
NVIDIA,GeForce Go 7400,2006,0.128,32,450,450,PCIe 1.0 x16,GDDR3,66
NVIDIA,GeForce Go 7400,2006,0.128,64,450,450,PCIe 1.0 x16,GDDR3,66
NVIDIA,GeForce Go 7600,2006,0.256,128,450,350,PCIe 1.0 x16,GDDR3,128
NVIDIA,GeForce Go 7600 GT,2006,0.256,128,500,600,PCIe 1.0 x16,GDDR3,210
NVIDIA,GeForce Go 7700,2006,0.512,128,450,500,PCIe 1.0 x16,GDDR3,148
NVIDIA,GeForce Go 7800,2006,0.256,256,400,550,PCIe 1.0 x16,GDDR3,115
NVIDIA,GeForce Go 7900 GS,2006,0.512,256,375,500,MXM-II,GDDR3,176
NVIDIA,GeForce Go 7900 GTX,2006,0.512,256,500,600,PCIe 1.0 x16,GDDR3,270
NVIDIA,GeForce Go 7950 GTX,2006,0.512,256,575,700,MXM-III,GDDR3,264
NVIDIA,Quadro FX 1500,2006,0.256,256,325,625,PCIe 1.0 x16,GDDR3,190
NVIDIA,Quadro FX 1500M,2006,0.512,256,375,500,MXM-II,GDDR3,171
NVIDIA,Quadro FX 350,2006,0.128,64,550,405,PCIe 1.0 x16,DDR2,86
NVIDIA,Quadro FX 3500,2006,0.256,256,450,660,PCIe 1.0 x16,GDDR3,292
NVIDIA,Quadro FX 350M,2006,0.256,128,450,450,PCIe 1.0 x16,GDDR3,45
NVIDIA,Quadro FX 4500 X2,2006,0.512,256,500,605,PCIe 1.0 x16,GDDR3,236
NVIDIA,Quadro FX 550,2006,0.128,128,360,400,PCIe 1.0 x16,GDDR3,64
NVIDIA,Quadro FX 5500,2006,1.024,256,650,505,PCIe 1.0 x16,DDR2,242
NVIDIA,Quadro FX 560,2006,0.128,128,350,600,PCIe 1.0 x16,GDDR3,114
NVIDIA,Quadro NVS 110M,2006,0.512,64,300,300,PCIe 1.0 x16,DDR,48
NVIDIA,Quadro NVS 120M,2006,0.512,64,450,700,MXM-III,DDR2,47
NVIDIA,Quadro NVS 285,2006,0.128,64,275,300,PCIe 1.0 x16,DDR2,39
NVIDIA,Quadro NVS 440,2006,0.128,128,250,250,PCIe 1.0 x16,GDDR3,38
NVIDIA,Quadro NVS 510M,2006,0.256,128,450,600,PCIe 1.0 x16,GDDR3,254
NVIDIA,GeForce 6200 LE,2005,0.128,64,350,266,PCIe 1.0 x16,DDR,31
NVIDIA,GeForce 6200 LE,2005,0.064,32,350,266,PCIe 1.0 x16,DDR2,31
NVIDIA,GeForce 6500,2005,0.128,128,400,266,PCIe 1.0 x16,DDR2,38
NVIDIA,GeForce 6600 LE,2005,0.128,128,300,250,PCIe 1.0 x16,DDR,51
NVIDIA,GeForce 6800 GS,2005,0.256,256,425,500,PCIe 1.0 x16,GDDR3,195
NVIDIA,GeForce 6800 GS,2005,0.256,256,350,500,AGP 8x,GDDR3,195
NVIDIA,GeForce 6800 LE,2005,0.256,256,325,300,PCIe 1.0 x16,DDR,110
NVIDIA,GeForce 6800 LE,2004,0.128,256,300,350,AGP 8x,DDR,110
NVIDIA,GeForce 6800 XE,2005,0.256,128,275,266,AGP 8x,DDR2,59
NVIDIA,GeForce 6800 XT,2005,0.256,128,300,266,AGP 8x,DDR,128
NVIDIA,GeForce 6800 XT,2005,0.256,256,300,350,AGP 8x,DDR,128
NVIDIA,GeForce 6800 XT,2005,0.256,256,450,600,AGP 8x,GDDR3,128
NVIDIA,GeForce 6800 XT,2005,0.256,256,425,500,PCIe 1.0 x16,GDDR3,128
NVIDIA,GeForce 7800 GT,2005,0.256,256,400,500,PCIe 1.0 x16,GDDR3,244
NVIDIA,GeForce 7800 GTX,2005,0.256,256,430,600,PCIe 1.0 x16,GDDR3,291
NVIDIA,GeForce FX Go5700,2005,0.128,128,450,275,AGP 8x,DDR,51
NVIDIA,GeForce Go 6600,2005,0.256,128,300,350,MXM-II,DDR,69
NVIDIA,GeForce Go 6800 Ultra,2005,0.256,256,450,600,PCIe 1.0 x16,GDDR3,138
NVIDIA,GeForce Go 7800 GTX,2005,0.512,256,440,550,PCIe 1.0 x16,GDDR3,210
NVIDIA,Quadro FX 2500M,2005,0.512,256,500,600,MXM-III,GDDR3,218
NVIDIA,Quadro FX 3450,2005,0.256,256,425,500,PCIe 1.0 x16,GDDR3,149
NVIDIA,Quadro FX 4500,2005,0.512,256,430,525,PCIe 1.0 x16,GDDR3,226
NVIDIA,Quadro FX Go1400,2005,0.256,256,275,295,MXM-III,DDR,102
NVIDIA,Quadro NVS 280 SD,2005,0.064,64,250,200,AGP 8x,DDR,2
NVIDIA,GeForce 6200,2004,0.128,128,300,275,PCIe 1.0 x16,DDR,35
NVIDIA,GeForce 6200 TurboCache,2004,0.064,64,350,250,AGP 4x,DDR,46
NVIDIA,GeForce 6600,2004,0.256,128,300,250,PCIe 1.0 x16,DDR,88
NVIDIA,GeForce 6600 GT,2004,0.128,128,500,500,PCIe 1.0 x16,GDDR3,137
NVIDIA,GeForce 6610 XL,2004,0.128,128,400,400,PCIe 1.0 x16,GDDR3,89
NVIDIA,GeForce 6700 XL,2004,0.128,128,525,550,PCIe 1.0 x16,GDDR3,95
NVIDIA,GeForce 6800,2004,0.256,256,325,300,PCIe 1.0 x16,DDR,113
NVIDIA,GeForce 6800,2004,0.256,256,325,350,AGP 8x,DDR,113
NVIDIA,GeForce 6800,2004,0.128,256,325,350,AGP 8x,DDR,113
NVIDIA,GeForce 6800 GT,2004,0.256,256,350,500,PCIe 1.0 x16,GDDR3,142
NVIDIA,GeForce 6800 GT,2004,0.256,256,350,500,AGP 8x,GDDR3,142
NVIDIA,GeForce 6800 GT,2004,0.128,256,350,250,AGP 8x,DDR,142
NVIDIA,GeForce 6800 Ultra,2004,0.256,256,425,550,PCIe 1.0 x16,GDDR3,139
NVIDIA,GeForce 6800 Ultra,2004,0.256,256,425,550,AGP 8x,GDDR3,139
NVIDIA,GeForce FX 5500,2004,0.064,128,270,166,AGP 8x,DDR,8
NVIDIA,GeForce Go 6800,2004,0.256,256,300,550,MXM-III,GDDR3,106
NVIDIA,GeForce PCX 5300,2004,0.128,128,250,200,PCIe 1.0 x16,DDR,6
NVIDIA,GeForce PCX 5750,2004,0.128,128,425,275,PCIe 1.0 x16,DDR,35
NVIDIA,Quadro FX 1100,2004,0.128,128,425,325,AGP 8x,DDR2,36
NVIDIA,Quadro FX 1300,2004,0.128,256,350,275,PCIe 1.0 x16,DDR,34
NVIDIA,Quadro FX 1400,2004,0.128,256,350,300,PCIe 1.0 x16,DDR,124
NVIDIA,Quadro FX 4000,2004,0.256,256,375,500,AGP 8x,GDDR3,101
NVIDIA,Quadro FX 540,2004,0.128,128,300,250,PCIe 1.0 x16,GDDR3,81
NVIDIA,GeForce FX 5100,2003,0.064,64,200,166,AGP 8x,DDR,8
NVIDIA,GeForce FX 5200,2003,0.128,128,250,200,AGP 8x,DDR,8
NVIDIA,GeForce FX 5200,2003,0.128,128,250,200,AGP 8x,DDR,8
NVIDIA,GeForce FX 5200 Ultra,2003,0.128,128,325,325,AGP 8x,DDR,12
NVIDIA,GeForce FX 5600,2003,0.128,128,325,250,AGP 8x,DDR,13
NVIDIA,GeForce FX 5600 Ultra,2003,0.128,128,400,400,AGP 8x,DDR,17
NVIDIA,GeForce FX 5700,2003,0.128,256,425,250,AGP 8x,DDR,41
NVIDIA,GeForce FX 5700 Ultra,2003,0.128,128,475,453,AGP 8x,GDDR2,34
NVIDIA,GeForce FX 5900,2003,0.128,256,400,425,AGP 8x,DDR,35
NVIDIA,GeForce FX 5900 Ultra,2003,0.256,256,450,425,AGP 8x,DDR,41
NVIDIA,GeForce FX 5950 Ultra,2003,0.256,256,475,475,AGP 8x,DDR,59
NVIDIA,GeForce FX Go5300,2003,0.064,128,275,250,AGP 8x,DDR,13
NVIDIA,GeForce FX Go5650,2003,0.128,128,325,295,AGP 8x,DDR,17
NVIDIA,GeForce PCX 5900,2003,0.128,256,350,275,PCIe 1.0 x16,DDR,34
NVIDIA,GeForce4 MX 4000,2003,0.128,64,250,166,AGP 8x,DDR,5
NVIDIA,GeForce4 Ti 4800,2003,0.128,128,300,325,AGP 8x,DDR,6
NVIDIA,GeForce4 Ti 4800,2003,0.128,128,300,325,AGP 8x,DDR,6
NVIDIA,GeForce4 Ti 4800 SE,2003,0.128,128,275,275,AGP 8x,SDR,7
NVIDIA,Quadro FX 1000,2003,0.128,128,300,300,AGP 8x,DDR2,34
NVIDIA,Quadro FX 2000,2003,0.128,128,400,400,AGP 8x,DDR2,18
NVIDIA,Quadro FX 3000,2003,0.256,256,400,425,AGP 8x,DDR,69
NVIDIA,Quadro NVS 280 PCI,2003,0.064,64,275,250,PCI,DDR,8
NVIDIA,GeForce4 420 Go,2002,0.032,64,200,200,AGP 4x,DDR,3
NVIDIA,GeForce4 440 Go,2002,0.064,128,220,220,AGP 4x,DDR,4
NVIDIA,GeForce4 448 Go,2002,0.064,128,200,200,AGP 8x,DDR,6
NVIDIA,GeForce4 MX 420,2002,0.064,128,250,166,AGP 4x,SDR,5
NVIDIA,GeForce4 MX 440,2002,0.064,128,275,200,AGP 4x,DDR,5
NVIDIA,GeForce4 MX 460,2002,0.064,128,300,225,AGP 4x,DDR,4
NVIDIA,GeForce4 Ti 4200,2002,0.064,64,250,250,AGP 4x,DDR,6
NVIDIA,GeForce4 Ti 4200,2002,0.064,128,250,250,AGP 4x,DDR,6
NVIDIA,GeForce4 Ti 4400,2002,0.128,128,275,275,AGP 4x,DDR,7
NVIDIA,GeForce4 Ti 4600,2002,0.128,128,300,324,AGP 4x,DDR,6
NVIDIA,Quadro4 380 XGL,2002,0.128,128,275,256,AGP 8x,DDR,7
NVIDIA,Quadro4 900 XGL,2002,0.128,128,300,325,AGP 4x,DDR,5
NVIDIA,Quadro4 980 XGL,2002,0.128,128,300,325,AGP 8x,DDR,5
NVIDIA,GeForce2 Ti,2001,0.064,128,250,200,AGP 4x,DDR,5
NVIDIA,GeForce3,2001,0.064,128,200,230,AGP 4x,DDR,5
NVIDIA,Quadro2 Pro,2001,0.064,128,200,250,AGP 4x,DDR,1
NVIDIA,GeForce2 Go,2000,0.064,64,143,166,AGP 4x,DDR,4
NVIDIA,GeForce2 Go,2000,0.064,128,143,166,AGP 4x,DDR,4
NVIDIA,GeForce2 MX,2000,0.032,128,175,166,AGP 4x,SDR,3
NVIDIA,GeForce2 Ultra,2000,0.064,128,250,230,AGP 4x,DDR,6
